date,SIBN
2005-01-11,82.87
2005-01-12,84.01
2005-01-13,84.82
2005-01-14,86.4
2005-01-17,85.0
2005-01-18,83.0
2005-01-19,84.1
2005-01-20,80.07
2005-01-21,80.9
2005-01-24,82.7
2005-01-25,82.75
2005-01-26,82.5
2005-01-27,82.49
2005-01-28,84.8
2005-01-31,88.18
2005-02-01,88.74
2005-02-02,90.15
2005-02-03,89.12
2005-02-04,88.0
2005-02-07,87.19
2005-02-08,90.0
2005-02-09,88.1
2005-02-10,90.0
2005-02-11,89.4
2005-02-14,89.29
2005-02-15,89.11
2005-02-16,90.8
2005-02-17,92.65
2005-02-18,94.01
2005-02-21,94.92
2005-02-22,93.89
2005-02-24,96.55
2005-02-25,96.49
2005-02-28,97.5
2005-03-01,96.6
2005-03-02,94.69
2005-03-03,95.5
2005-03-04,96.75
2005-03-05,98.77
2005-03-09,98.05
2005-03-10,94.0
2005-03-11,93.48
2005-03-14,90.5
2005-03-15,90.75
2005-03-16,87.9
2005-03-17,88.5
2005-03-18,88.5
2005-03-21,85.5
2005-03-22,87.2
2005-03-23,86.87
2005-03-24,91.0
2005-03-25,91.58
2005-03-28,91.6
2005-03-29,89.16
2005-03-30,87.68
2005-03-31,88.22
2005-04-01,90.12
2005-04-04,89.05
2005-04-05,90.66
2005-04-06,93.45
2005-04-07,93.88
2005-04-08,93.89
2005-04-11,89.99
2005-04-12,89.5
2005-04-13,88.75
2005-04-14,86.45
2005-04-15,85.14
2005-04-18,85.4
2005-04-19,86.95
2005-04-20,86.65
2005-04-21,88.3
2005-04-22,89.26
2005-04-25,90.05
2005-04-26,88.5
2005-04-27,86.2
2005-04-28,86.4
2005-04-29,86.89
2005-05-03,86.99
2005-05-04,87.04
2005-05-05,88.51
2005-05-06,86.98
2005-05-11,86.12
2005-05-12,82.99
2005-05-13,84.0
2005-05-14,83.87
2005-05-16,82.27
2005-05-17,84.86
2005-05-18,85.09
2005-05-19,85.58
2005-05-20,85.1
2005-05-23,85.0
2005-05-24,86.65
2005-05-25,85.6
2005-05-26,84.65
2005-05-27,85.29
2005-05-30,85.0
2005-05-31,88.04
2005-06-01,86.25
2005-06-02,86.9
2005-06-03,87.03
2005-06-06,86.45
2005-06-07,87.18
2005-06-08,86.95
2005-06-09,86.55
2005-06-10,86.92
2005-06-14,88.65
2005-06-15,87.51
2005-06-16,87.4
2005-06-17,88.5
2005-06-20,88.98
2005-06-21,87.88
2005-06-22,89.1
2005-06-23,89.21
2005-06-24,91.1
2005-06-27,90.31
2005-06-28,91.73
2005-06-29,92.87
2005-06-30,94.95
2005-07-01,98.29
2005-07-04,102.0
2005-07-05,99.93
2005-07-06,101.98
2005-07-07,101.17
2005-07-08,100.49
2005-07-11,100.0
2005-07-12,98.25
2005-07-13,98.79
2005-07-14,96.63
2005-07-15,95.84
2005-07-18,94.3
2005-07-19,95.3
2005-07-20,96.44
2005-07-21,97.5
2005-07-22,96.87
2005-07-25,95.29
2005-07-26,95.4
2005-07-27,98.4
2005-07-28,91.0
2005-07-29,89.92
2005-08-01,89.39
2005-08-02,89.66
2005-08-03,85.7
2005-08-04,88.0
2005-08-05,88.15
2005-08-08,89.0
2005-08-09,88.84
2005-08-10,89.0
2005-08-11,88.5
2005-08-12,88.68
2005-08-15,90.8
2005-08-16,96.4
2005-08-17,100.25
2005-08-18,103.0
2005-08-19,105.78
2005-08-22,103.3
2005-08-23,102.55
2005-08-24,102.29
2005-08-25,104.0
2005-08-26,103.75
2005-08-29,102.1
2005-08-30,101.01
2005-08-31,100.0
2005-09-01,99.99
2005-09-02,100.5
2005-09-05,99.35
2005-09-06,98.02
2005-09-07,96.5
2005-09-08,96.75
2005-09-09,99.0
2005-09-12,98.03
2005-09-13,95.31
2005-09-14,96.52
2005-09-15,95.81
2005-09-16,97.0
2005-09-19,98.85
2005-09-20,98.55
2005-09-21,100.02
2005-09-22,99.8
2005-09-23,102.1
2005-09-26,101.22
2005-09-27,117.0
2005-09-28,105.8
2005-09-29,100.12
2005-09-30,102.69
2005-10-03,103.39
2005-10-04,101.44
2005-10-05,98.0
2005-10-06,92.35
2005-10-07,94.3
2005-10-10,96.12
2005-10-11,100.5
2005-10-12,97.2
2005-10-13,95.77
2005-10-14,92.76
2005-10-17,94.0
2005-10-18,94.3
2005-10-19,96.55
2005-10-20,96.39
2005-10-21,94.4
2005-10-24,96.8
2005-10-25,96.6
2005-10-26,97.8
2005-10-27,99.0
2005-10-28,102.5
2005-10-31,102.49
2005-11-01,101.0
2005-11-02,102.3
2005-11-03,102.52
2005-11-07,100.5
2005-11-08,100.5
2005-11-09,101.25
2005-11-10,100.0
2005-11-11,102.1
2005-11-14,103.01
2005-11-15,104.01
2005-11-16,105.75
2005-11-17,106.75
2005-11-18,105.99
2005-11-21,103.9
2005-11-22,105.0
2005-11-23,105.0
2005-11-24,105.53
2005-11-25,105.5
2005-11-28,105.61
2005-11-29,105.5
2005-11-30,105.9
2005-12-01,108.0
2005-12-02,106.68
2005-12-05,106.04
2005-12-06,106.04
2005-12-07,106.54
2005-12-08,105.75
2005-12-09,106.01
2005-12-12,106.5
2005-12-13,106.3
2005-12-14,106.12
2005-12-15,106.01
2005-12-16,106.5
2005-12-19,112.0
2005-12-20,109.59
2005-12-21,110.87
2005-12-22,110.28
2005-12-23,107.75
2005-12-26,108.0
2005-12-27,107.11
2005-12-28,106.75
2005-12-29,106.01
2005-12-30,107.51
2006-01-10,110.9
2006-01-11,110.3
2006-01-12,111.0
2006-01-13,111.9
2006-01-16,115.74
2006-01-17,116.9
2006-01-18,116.05
2006-01-19,123.59
2006-01-20,123.66
2006-01-23,124.77
2006-01-24,126.0
2006-01-25,129.88
2006-01-26,131.2
2006-01-27,134.95
2006-01-30,128.7
2006-01-31,124.0
2006-02-01,129.78
2006-02-02,135.24
2006-02-03,131.0
2006-02-06,131.79
2006-02-07,129.5
2006-02-08,130.94
2006-02-09,132.0
2006-02-10,129.51
2006-02-13,130.01
2006-02-14,128.08
2006-02-15,127.2
2006-02-16,127.51
2006-02-17,130.99
2006-02-20,132.5
2006-02-21,131.45
2006-02-22,132.0
2006-02-26,135.6
2006-02-27,133.01
2006-02-28,129.0
2006-03-01,131.99
2006-03-02,132.0
2006-03-03,133.2
2006-03-06,132.65
2006-03-07,122.99
2006-03-09,123.8
2006-03-10,123.49
2006-03-13,125.68
2006-03-14,120.0
2006-03-15,122.99
2006-03-16,123.0
2006-03-17,126.0
2006-03-20,126.1
2006-03-21,124.8
2006-03-22,126.44
2006-03-23,126.16
2006-03-24,128.51
2006-03-27,129.8
2006-03-28,127.06
2006-03-29,126.38
2006-03-30,131.94
2006-03-31,131.0
2006-04-03,133.35
2006-04-04,133.97
2006-04-05,135.03
2006-04-06,133.53
2006-04-07,133.7
2006-04-10,135.7
2006-04-11,134.34
2006-04-12,138.4
2006-04-13,142.47
2006-04-14,144.0
2006-04-17,146.94
2006-04-18,146.5
2006-04-19,147.71
2006-04-20,147.0
2006-04-21,146.45
2006-04-24,146.22
2006-04-25,140.17
2006-04-26,138.5
2006-04-27,133.0
2006-04-28,138.45
2006-05-02,142.88
2006-05-03,142.1
2006-05-04,142.5
2006-05-05,146.31
2006-05-06,144.4
2006-05-10,147.5
2006-05-11,148.55
2006-05-12,145.94
2006-05-15,138.0
2006-05-16,142.0
2006-05-17,139.0
2006-05-18,136.73
2006-05-19,134.41
2006-05-22,124.0
2006-05-23,127.99
2006-05-24,120.3
2006-05-25,122.95
2006-05-26,129.99
2006-05-29,125.9
2006-05-30,122.99
2006-05-31,121.0
2006-06-01,122.22
2006-06-02,127.79
2006-06-05,127.0
2006-06-06,122.01
2006-06-07,123.49
2006-06-08,118.0
2006-06-09,119.95
2006-06-13,105.0
2006-06-14,110.0
2006-06-15,112.89
2006-06-16,112.5
2006-06-19,112.95
2006-06-20,110.4
2006-06-21,108.07
2006-06-22,105.52
2006-06-23,104.0
2006-06-26,103.49
2006-06-27,105.81
2006-06-28,107.9
2006-06-29,108.45
2006-06-30,111.71
2006-07-03,113.3
2006-07-04,114.0
2006-07-05,109.88
2006-07-06,114.0
2006-07-07,114.15
2006-07-10,114.5
2006-07-11,113.5
2006-07-12,118.95
2006-07-13,116.5
2006-07-14,115.0
2006-07-17,116.11
2006-07-18,115.09
2006-07-19,118.5
2006-07-20,121.5
2006-07-21,118.85
2006-07-24,120.0
2006-07-25,119.1
2006-07-26,116.33
2006-07-27,117.9
2006-07-28,115.3
2006-07-31,116.44
2006-08-01,113.49
2006-08-02,114.4
2006-08-03,114.38
2006-08-04,115.3
2006-08-07,114.81
2006-08-08,113.15
2006-08-09,111.81
2006-08-10,111.25
2006-08-11,111.9
2006-08-14,111.0
2006-08-15,110.76
2006-08-16,112.5
2006-08-17,114.0
2006-08-18,110.68
2006-08-21,113.5
2006-08-22,114.22
2006-08-23,113.8
2006-08-24,113.79
2006-08-25,113.99
2006-08-28,113.57
2006-08-29,112.15
2006-08-30,112.18
2006-08-31,111.9
2006-09-01,112.18
2006-09-04,112.46
2006-09-05,112.35
2006-09-06,110.77
2006-09-07,109.03
2006-09-08,109.6
2006-09-11,105.48
2006-09-12,105.8
2006-09-13,106.36
2006-09-14,106.98
2006-09-15,105.3
2006-09-18,105.93
2006-09-19,106.46
2006-09-20,106.48
2006-09-21,106.25
2006-09-22,103.48
2006-09-25,96.4
2006-09-26,98.94
2006-09-27,103.0
2006-09-28,106.15
2006-09-29,105.5
2006-10-02,107.3
2006-10-03,107.48
2006-10-04,109.26
2006-10-05,111.5
2006-10-06,110.57
2006-10-09,112.9
2006-10-10,112.77
2006-10-11,112.78
2006-10-12,112.64
2006-10-13,113.3
2006-10-16,113.2
2006-10-17,113.36
2006-10-18,113.7
2006-10-19,112.71
2006-10-20,111.22
2006-10-23,111.78
2006-10-24,110.86
2006-10-25,112.12
2006-10-26,112.7
2006-10-27,112.36
2006-10-30,109.0
2006-10-31,110.85
2006-11-01,112.35
2006-11-02,110.98
2006-11-03,112.75
2006-11-07,113.0
2006-11-08,112.7
2006-11-09,113.9
2006-11-10,113.0
2006-11-13,112.4
2006-11-14,111.0
2006-11-15,112.76
2006-11-16,112.25
2006-11-17,110.66
2006-11-20,108.28
2006-11-21,109.65
2006-11-22,108.67
2006-11-23,109.0
2006-11-24,109.6
2006-11-27,109.29
2006-11-28,107.01
2006-11-29,108.24
2006-11-30,108.1
2006-12-01,110.0
2006-12-04,111.0
2006-12-05,111.17
2006-12-06,111.95
2006-12-07,111.29
2006-12-08,111.24
2006-12-11,113.35
2006-12-12,111.87
2006-12-13,111.26
2006-12-14,113.62
2006-12-15,114.03
2006-12-18,112.51
2006-12-19,111.2
2006-12-20,112.42
2006-12-21,113.7
2006-12-22,114.7
2006-12-25,113.84
2006-12-26,113.49
2006-12-27,117.37
2006-12-28,119.25
2006-12-29,119.99
2007-01-09,114.68
2007-01-10,116.2
2007-01-11,116.25
2007-01-12,117.01
2007-01-15,123.82
2007-01-16,123.39
2007-01-17,122.5
2007-01-18,124.0
2007-01-19,123.5
2007-01-22,125.2
2007-01-23,123.9
2007-01-24,122.1
2007-01-25,121.75
2007-01-26,121.0
2007-01-29,118.25
2007-01-30,118.0
2007-01-31,118.33
2007-02-01,118.9
2007-02-02,117.58
2007-02-05,118.0
2007-02-06,118.88
2007-02-07,116.49
2007-02-08,114.38
2007-02-09,115.29
2007-02-12,113.55
2007-02-13,114.44
2007-02-14,114.13
2007-02-15,116.4
2007-02-16,118.0
2007-02-19,116.0
2007-02-20,115.5
2007-02-21,115.99
2007-02-22,118.3
2007-02-26,116.98
2007-02-27,112.8
2007-02-28,110.5
2007-03-01,106.96
2007-03-02,104.0
2007-03-05,101.15
2007-03-06,101.77
2007-03-07,102.37
2007-03-09,102.9
2007-03-12,102.47
2007-03-13,101.84
2007-03-14,100.45
2007-03-15,101.01
2007-03-16,98.9
2007-03-19,99.21
2007-03-20,98.78
2007-03-21,98.35
2007-03-22,100.15
2007-03-23,101.89
2007-03-26,103.28
2007-03-27,103.9
2007-03-28,105.23
2007-03-29,106.95
2007-03-30,108.31
2007-04-02,108.49
2007-04-03,107.72
2007-04-04,105.15
2007-04-05,104.97
2007-04-06,105.3
2007-04-09,104.7
2007-04-10,103.34
2007-04-11,103.46
2007-04-12,102.0
2007-04-13,102.92
2007-04-16,103.22
2007-04-17,101.97
2007-04-18,100.45
2007-04-19,98.5
2007-04-20,100.29
2007-04-23,100.45
2007-04-24,100.45
2007-04-25,100.1
2007-04-26,98.4
2007-04-27,95.94
2007-04-28,96.95
2007-05-02,96.28
2007-05-03,95.35
2007-05-04,95.41
2007-05-07,95.1
2007-05-08,94.46
2007-05-10,93.1
2007-05-11,91.89
2007-05-14,93.0
2007-05-15,91.72
2007-05-16,93.1
2007-05-17,92.9
2007-05-18,94.7
2007-05-21,94.25
2007-05-22,94.25
2007-05-23,93.91
2007-05-24,95.22
2007-05-25,98.86
2007-05-28,94.55
2007-05-29,93.09
2007-05-30,93.2
2007-05-31,95.1
2007-06-01,97.4
2007-06-04,97.17
2007-06-05,101.99
2007-06-06,103.19
2007-06-07,102.63
2007-06-08,102.25
2007-06-09,102.55
2007-06-13,102.72
2007-06-14,104.23
2007-06-15,103.78
2007-06-18,104.5
2007-06-19,103.64
2007-06-20,104.6
2007-06-21,104.1
2007-06-22,106.45
2007-06-25,105.4
2007-06-26,105.37
2007-06-27,103.33
2007-06-28,103.76
2007-06-29,104.28
2007-07-02,105.0
2007-07-03,106.78
2007-07-04,106.6
2007-07-05,106.9
2007-07-06,106.89
2007-07-09,107.2
2007-07-10,105.4
2007-07-11,105.96
2007-07-12,107.19
2007-07-13,108.8
2007-07-16,108.07
2007-07-17,108.09
2007-07-18,108.21
2007-07-19,109.84
2007-07-20,109.6
2007-07-23,110.2
2007-07-24,108.12
2007-07-25,108.3
2007-07-26,107.03
2007-07-27,105.32
2007-07-30,105.9
2007-07-31,106.6
2007-08-01,104.08
2007-08-02,105.16
2007-08-03,105.1
2007-08-06,102.99
2007-08-07,103.7
2007-08-08,104.91
2007-08-09,102.12
2007-08-10,99.36
2007-08-13,100.48
2007-08-14,99.0
2007-08-15,97.4
2007-08-16,93.55
2007-08-17,94.79
2007-08-20,94.58
2007-08-21,93.59
2007-08-22,94.49
2007-08-23,93.15
2007-08-24,93.8
2007-08-27,94.0
2007-08-28,94.44
2007-08-29,94.75
2007-08-30,94.22
2007-08-31,96.96
2007-09-03,96.8
2007-09-04,96.4
2007-09-05,95.65
2007-09-06,96.49
2007-09-07,94.4
2007-09-10,94.08
2007-09-11,94.9
2007-09-12,94.9
2007-09-13,96.45
2007-09-14,96.9
2007-09-17,96.06
2007-09-18,98.09
2007-09-19,101.0
2007-09-20,99.92
2007-09-21,101.98
2007-09-24,102.8
2007-09-25,101.5
2007-09-26,103.35
2007-09-27,103.92
2007-09-28,104.3
2007-10-01,103.1
2007-10-02,106.94
2007-10-03,104.97
2007-10-04,103.54
2007-10-05,104.41
2007-10-08,104.25
2007-10-09,112.4
2007-10-10,113.19
2007-10-11,114.6
2007-10-12,116.08
2007-10-15,116.2
2007-10-16,114.22
2007-10-17,116.5
2007-10-18,114.97
2007-10-19,114.97
2007-10-22,113.2
2007-10-23,115.52
2007-10-24,114.94
2007-10-25,116.94
2007-10-26,118.67
2007-10-29,119.1
2007-10-30,119.4
2007-10-31,119.87
2007-11-01,119.79
2007-11-02,123.0
2007-11-06,125.89
2007-11-07,125.1
2007-11-08,126.0
2007-11-09,125.8
2007-11-12,126.64
2007-11-13,125.6
2007-11-14,127.89
2007-11-15,127.7
2007-11-16,126.21
2007-11-19,126.0
2007-11-20,127.0
2007-11-21,125.4
2007-11-22,123.5
2007-11-23,124.4
2007-11-26,126.6
2007-11-27,125.8
2007-11-28,125.9
2007-11-29,126.5
2007-11-30,130.32
2007-12-03,133.07
2007-12-04,133.8
2007-12-05,135.79
2007-12-06,137.5
2007-12-07,140.85
2007-12-10,142.43
2007-12-11,143.51
2007-12-12,151.0
2007-12-13,151.05
2007-12-14,147.5
2007-12-17,147.51
2007-12-18,152.7
2007-12-19,156.5
2007-12-20,157.88
2007-12-21,157.9
2007-12-24,157.45
2007-12-25,151.18
2007-12-26,148.85
2007-12-27,150.3
2007-12-28,153.0
2008-01-09,156.35
2008-01-10,156.0
2008-01-11,153.64
2008-01-14,153.15
2008-01-15,149.7
2008-01-16,143.02
2008-01-17,146.89
2008-01-18,144.0
2008-01-21,130.94
2008-01-22,123.0
2008-01-23,122.06
2008-01-24,132.0
2008-01-25,139.6
2008-01-28,139.1
2008-01-29,142.71
2008-01-30,139.18
2008-01-31,132.23
2008-02-01,135.09
2008-02-04,131.8
2008-02-05,129.95
2008-02-06,129.51
2008-02-07,125.99
2008-02-08,124.0
2008-02-11,125.41
2008-02-12,129.0
2008-02-13,132.36
2008-02-14,142.4
2008-02-15,139.91
2008-02-18,142.0
2008-02-19,143.25
2008-02-20,140.01
2008-02-21,143.1
2008-02-22,143.6
2008-02-25,143.64
2008-02-26,145.0
2008-02-27,142.9
2008-02-28,140.42
2008-02-29,150.38
2008-03-03,146.6
2008-03-04,144.72
2008-03-05,146.1
2008-03-06,146.51
2008-03-07,145.29
2008-03-11,147.9
2008-03-12,146.2
2008-03-13,143.2
2008-03-14,140.0
2008-03-17,137.48
2008-03-18,136.98
2008-03-19,136.45
2008-03-20,132.2
2008-03-21,132.31
2008-03-24,134.2
2008-03-25,130.3
2008-03-26,131.6
2008-03-27,134.47
2008-03-28,131.82
2008-03-31,132.3
2008-04-01,134.3
2008-04-02,134.06
2008-04-03,134.0
2008-04-04,134.59
2008-04-07,136.28
2008-04-08,135.49
2008-04-09,136.1
2008-04-10,136.19
2008-04-11,132.01
2008-04-14,130.15
2008-04-15,131.5
2008-04-16,135.34
2008-04-17,134.09
2008-04-18,135.0
2008-04-21,135.4
2008-04-22,135.44
2008-04-23,141.5
2008-04-24,142.9
2008-04-25,144.01
2008-04-28,144.51
2008-04-29,142.39
2008-04-30,144.2
2008-05-04,144.44
2008-05-05,142.79
2008-05-06,146.5
2008-05-07,146.3
2008-05-08,149.74
2008-05-12,150.1
2008-05-13,151.4
2008-05-14,163.6
2008-05-15,176.89
2008-05-16,170.5
2008-05-19,169.2
2008-05-20,164.55
2008-05-21,164.0
2008-05-22,164.0
2008-05-23,168.5
2008-05-26,170.5
2008-05-27,170.0
2008-05-28,169.4
2008-05-29,173.7
2008-05-30,176.98
2008-06-02,179.35
2008-06-03,179.64
2008-06-04,172.52
2008-06-05,177.9
2008-06-06,181.5
2008-06-07,181.1
2008-06-09,188.0
2008-06-10,182.18
2008-06-11,187.65
2008-06-16,190.1
2008-06-17,189.0
2008-06-18,187.43
2008-06-19,188.58
2008-06-20,189.5
2008-06-23,188.93
2008-06-24,182.5
2008-06-25,181.77
2008-06-26,180.94
2008-06-27,187.1
2008-06-30,187.98
2008-07-01,183.22
2008-07-02,187.9
2008-07-03,185.98
2008-07-04,177.3
2008-07-07,176.0
2008-07-08,175.3
2008-07-09,175.0
2008-07-10,175.65
2008-07-11,171.2
2008-07-14,182.04
2008-07-15,184.0
2008-07-16,183.5
2008-07-17,183.91
2008-07-18,180.03
2008-07-21,181.8
2008-07-22,179.0
2008-07-23,175.0
2008-07-24,174.39
2008-07-25,158.0
2008-07-28,154.23
2008-07-29,145.5
2008-07-30,147.0
2008-07-31,148.25
2008-08-01,147.9
2008-08-04,149.9
2008-08-05,139.8
2008-08-06,139.8
2008-08-07,139.01
2008-08-08,130.5
2008-08-11,133.69
2008-08-12,137.6
2008-08-13,135.0
2008-08-14,137.72
2008-08-15,140.55
2008-08-18,139.6
2008-08-19,132.15
2008-08-20,132.49
2008-08-21,131.39
2008-08-22,128.25
2008-08-25,121.8
2008-08-26,118.3
2008-08-27,115.67
2008-08-28,117.7
2008-08-29,115.56
2008-09-01,118.56
2008-09-02,121.3
2008-09-03,117.99
2008-09-04,116.02
2008-09-05,115.0
2008-09-08,117.2
2008-09-09,110.31
2008-09-10,104.01
2008-09-11,103.0
2008-09-12,110.72
2008-09-15,106.75
2008-09-16,98.01
2008-09-17,95.0
2008-09-19,111.01
2008-09-22,115.6
2008-09-23,116.21
2008-09-24,118.0
2008-09-25,122.39
2008-09-26,119.85
2008-09-29,117.5
2008-09-30,109.9
2008-10-01,109.0
2008-10-02,102.99
2008-10-03,98.0
2008-10-06,79.5
2008-10-07,73.4
2008-10-08,60.6
2008-10-09,65.0
2008-10-13,57.2
2008-10-14,57.99
2008-10-15,52.1
2008-10-16,43.79
2008-10-17,43.22
2008-10-20,46.65
2008-10-21,48.21
2008-10-22,46.24
2008-10-23,45.19
2008-10-24,40.15
2008-10-28,42.91
2008-10-29,48.56
2008-10-30,57.0
2008-10-31,61.4
2008-11-01,66.7
2008-11-05,71.0
2008-11-06,62.2
2008-11-07,66.0
2008-11-10,70.0
2008-11-11,59.3
2008-11-13,53.56
2008-11-14,52.53
2008-11-17,49.61
2008-11-18,51.74
2008-11-19,50.76
2008-11-20,45.49
2008-11-21,46.01
2008-11-24,52.73
2008-11-25,53.58
2008-11-26,53.71
2008-11-27,56.85
2008-11-28,56.58
2008-12-01,50.53
2008-12-02,52.48
2008-12-03,53.97
2008-12-04,53.63
2008-12-05,50.66
2008-12-08,54.3
2008-12-09,52.45
2008-12-10,55.75
2008-12-11,60.6
2008-12-12,60.66
2008-12-15,65.9
2008-12-16,66.8
2008-12-17,66.35
2008-12-18,61.69
2008-12-19,61.69
2008-12-22,62.67
2008-12-23,64.3
2008-12-24,62.0
2008-12-25,59.5
2008-12-26,58.0
2008-12-29,62.0
2008-12-30,62.97
2008-12-31,62.42
2009-01-11,64.3
2009-01-12,65.9
2009-01-13,66.09
2009-01-14,62.1
2009-01-15,63.23
2009-01-16,63.77
2009-01-19,62.01
2009-01-20,61.65
2009-01-21,63.99
2009-01-22,60.92
2009-01-23,61.0
2009-01-26,64.64
2009-01-27,65.13
2009-01-28,67.55
2009-01-29,67.61
2009-01-30,73.42
2009-02-02,74.59
2009-02-03,75.51
2009-02-04,75.91
2009-02-05,75.0
2009-02-06,81.39
2009-02-09,83.99
2009-02-10,88.05
2009-02-11,87.5
2009-02-12,84.09
2009-02-13,86.2
2009-02-16,82.84
2009-02-17,75.0
2009-02-18,70.89
2009-02-19,73.11
2009-02-20,71.71
2009-02-24,70.23
2009-02-25,70.25
2009-02-26,80.74
2009-02-27,78.35
2009-03-02,75.28
2009-03-03,75.0
2009-03-04,78.85
2009-03-05,76.47
2009-03-06,78.99
2009-03-10,86.05
2009-03-11,83.58
2009-03-12,80.49
2009-03-13,81.3
2009-03-16,80.98
2009-03-17,83.56
2009-03-18,80.54
2009-03-19,83.46
2009-03-20,84.45
2009-03-23,91.35
2009-03-24,86.36
2009-03-25,98.5
2009-03-26,93.44
2009-03-27,89.0
2009-03-30,80.89
2009-03-31,83.89
2009-04-01,84.0
2009-04-02,87.8
2009-04-03,87.2
2009-04-06,89.92
2009-04-07,90.7
2009-04-08,91.74
2009-04-09,94.03
2009-04-10,93.0
2009-04-13,89.09
2009-04-14,90.7
2009-04-15,93.09
2009-04-16,92.3
2009-04-17,92.81
2009-04-20,85.95
2009-04-21,87.07
2009-04-22,88.7
2009-04-23,91.91
2009-04-24,91.03
2009-04-27,87.58
2009-04-28,85.61
2009-04-29,87.96
2009-04-30,88.74
2009-05-04,93.38
2009-05-05,92.07
2009-05-06,93.99
2009-05-07,95.2
2009-05-08,96.49
2009-05-12,99.7
2009-05-13,94.56
2009-05-14,95.48
2009-05-15,98.99
2009-05-18,95.68
2009-05-19,95.35
2009-05-20,100.95
2009-05-21,95.87
2009-05-22,99.17
2009-05-25,99.34
2009-05-26,99.37
2009-05-27,100.8
2009-05-28,102.8
2009-05-29,105.32
2009-06-01,109.17
2009-06-02,107.16
2009-06-03,104.53
2009-06-04,107.0
2009-06-05,110.51
2009-06-08,108.53
2009-06-09,107.21
2009-06-10,109.15
2009-06-11,108.33
2009-06-15,105.0
2009-06-16,105.7
2009-06-17,103.1
2009-06-18,105.18
2009-06-19,111.05
2009-06-22,106.0
2009-06-23,98.19
2009-06-24,101.0
2009-06-25,100.0
2009-06-26,99.7
2009-06-29,102.0
2009-06-30,97.99
2009-07-01,99.0
2009-07-02,96.9
2009-07-03,96.79
2009-07-06,91.5
2009-07-07,92.05
2009-07-08,91.22
2009-07-09,88.51
2009-07-10,86.87
2009-07-13,87.7
2009-07-14,88.85
2009-07-15,92.97
2009-07-16,93.16
2009-07-17,96.31
2009-07-20,97.59
2009-07-21,101.0
2009-07-22,99.0
2009-07-23,102.87
2009-07-24,104.52
2009-07-27,104.6
2009-07-28,107.0
2009-07-29,105.7
2009-07-30,108.6
2009-07-31,108.41
2009-08-03,112.0
2009-08-04,111.0
2009-08-05,110.8
2009-08-06,112.57
2009-08-07,116.64
2009-08-10,114.5
2009-08-11,111.6
2009-08-12,113.65
2009-08-13,115.7
2009-08-14,117.68
2009-08-17,111.47
2009-08-18,111.9
2009-08-19,114.51
2009-08-20,118.48
2009-08-21,120.4
2009-08-24,120.06
2009-08-25,118.75
2009-08-26,116.95
2009-08-27,113.35
2009-08-28,115.2
2009-08-31,114.73
2009-09-01,116.1
2009-09-02,111.31
2009-09-03,111.9
2009-09-04,111.5
2009-09-07,116.3
2009-09-08,120.5
2009-09-09,119.64
2009-09-10,122.83
2009-09-11,121.0
2009-09-14,121.11
2009-09-15,125.7
2009-09-16,129.53
2009-09-17,128.21
2009-09-18,125.41
2009-09-21,121.41
2009-09-22,125.0
2009-09-23,125.01
2009-09-24,123.02
2009-09-25,123.49
2009-09-28,125.61
2009-09-29,126.51
2009-09-30,126.01
2009-10-01,130.11
2009-10-02,128.26
2009-10-05,129.0
2009-10-06,140.19
2009-10-07,143.99
2009-10-08,152.6
2009-10-09,157.55
2009-10-12,163.59
2009-10-13,162.2
2009-10-14,173.7
2009-10-15,171.9
2009-10-16,168.26
2009-10-19,170.1
2009-10-20,166.0
2009-10-21,166.33
2009-10-22,160.05
2009-10-23,158.5
2009-10-26,156.0
2009-10-27,151.72
2009-10-28,147.15
2009-10-29,157.0
2009-10-30,148.88
2009-11-02,155.0
2009-11-03,149.95
2009-11-05,150.0
2009-11-06,145.0
2009-11-09,150.05
2009-11-10,150.56
2009-11-11,149.71
2009-11-12,149.3
2009-11-13,150.71
2009-11-16,155.11
2009-11-17,154.2
2009-11-18,155.9
2009-11-19,153.55
2009-11-20,155.5
2009-11-23,158.3
2009-11-24,160.0
2009-11-25,156.51
2009-11-26,155.0
2009-11-27,154.89
2009-11-30,153.39
2009-12-01,159.17
2009-12-02,161.7
2009-12-03,162.06
2009-12-04,169.0
2009-12-07,170.6
2009-12-08,170.9
2009-12-09,169.99
2009-12-10,169.6
2009-12-11,171.11
2009-12-14,171.33
2009-12-15,173.63
2009-12-16,176.0
2009-12-17,169.28
2009-12-18,165.81
2009-12-21,164.4
2009-12-22,162.25
2009-12-23,163.2
2009-12-24,163.99
2009-12-25,163.0
2009-12-28,164.34
2009-12-29,165.28
2009-12-30,162.7
2009-12-31,163.73
2010-01-11,170.68
2010-01-12,169.6
2010-01-13,166.75
2010-01-14,167.4
2010-01-15,166.09
2010-01-18,166.18
2010-01-19,163.3
2010-01-20,162.02
2010-01-21,161.0
2010-01-22,155.35
2010-01-25,157.0
2010-01-26,151.66
2010-01-27,151.6
2010-01-28,151.29
2010-01-29,152.95
2010-02-01,150.2
2010-02-02,153.44
2010-02-03,154.5
2010-02-04,149.5
2010-02-05,143.7
2010-02-08,142.5
2010-02-09,142.51
2010-02-10,142.02
2010-02-11,142.2
2010-02-12,136.25
2010-02-15,137.44
2010-02-16,142.7
2010-02-17,144.55
2010-02-18,142.38
2010-02-19,142.57
2010-02-24,138.9
2010-02-25,135.8
2010-02-26,138.25
2010-02-27,139.72
2010-03-01,140.0
2010-03-02,140.69
2010-03-03,143.05
2010-03-04,146.38
2010-03-05,148.66
2010-03-09,145.73
2010-03-10,140.94
2010-03-11,139.31
2010-03-12,140.41
2010-03-15,140.7
2010-03-16,146.4
2010-03-17,154.0
2010-03-18,154.82
2010-03-19,159.61
2010-03-22,158.9
2010-03-23,158.06
2010-03-24,153.96
2010-03-25,154.48
2010-03-26,156.58
2010-03-29,158.69
2010-03-30,154.1
2010-03-31,154.01
2010-04-01,158.31
2010-04-02,162.5
2010-04-05,162.65
2010-04-06,167.65
2010-04-07,165.52
2010-04-08,164.41
2010-04-09,167.0
2010-04-12,167.55
2010-04-13,165.77
2010-04-14,169.0
2010-04-15,170.45
2010-04-16,164.65
2010-04-19,159.4
2010-04-20,161.85
2010-04-21,159.99
2010-04-22,157.0
2010-04-23,161.74
2010-04-26,163.83
2010-04-27,161.7
2010-04-28,158.6
2010-04-29,160.0
2010-04-30,157.6
2010-05-04,154.26
2010-05-05,148.78
2010-05-06,143.0
2010-05-07,133.13
2010-05-11,138.1
2010-05-12,141.2
2010-05-13,141.32
2010-05-14,137.5
2010-05-17,137.5
2010-05-18,135.28
2010-05-19,130.5
2010-05-20,125.2
2010-05-21,125.03
2010-05-24,124.35
2010-05-25,113.13
2010-05-26,105.0
2010-05-27,115.87
2010-05-28,119.52
2010-05-31,121.18
2010-06-01,118.5
2010-06-02,121.75
2010-06-03,123.9
2010-06-04,120.96
2010-06-07,116.0
2010-06-08,114.5
2010-06-09,113.69
2010-06-10,117.35
2010-06-11,115.7
2010-06-15,122.0
2010-06-16,122.4
2010-06-17,125.9
2010-06-18,129.49
2010-06-21,131.4
2010-06-22,126.32
2010-06-23,123.8
2010-06-24,123.37
2010-06-25,123.65
2010-06-28,123.35
2010-06-29,118.98
2010-06-30,118.5
2010-07-01,111.41
2010-07-02,113.47
2010-07-05,114.35
2010-07-06,119.99
2010-07-07,120.7
2010-07-08,118.78
2010-07-09,118.52
2010-07-12,118.51
2010-07-13,120.57
2010-07-14,118.5
2010-07-15,116.0
2010-07-16,116.38
2010-07-19,117.35
2010-07-20,118.2
2010-07-21,119.99
2010-07-22,121.5
2010-07-23,121.26
2010-07-26,121.98
2010-07-27,123.0
2010-07-28,120.83
2010-07-29,124.93
2010-07-30,123.3
2010-08-02,128.0
2010-08-03,126.5
2010-08-04,128.9
2010-08-05,127.45
2010-08-06,126.2
2010-08-09,126.5
2010-08-10,122.79
2010-08-11,121.5
2010-08-12,119.82
2010-08-13,119.69
2010-08-16,119.51
2010-08-17,121.09
2010-08-18,120.06
2010-08-19,118.4
2010-08-20,116.9
2010-08-23,116.73
2010-08-24,114.26
2010-08-25,113.49
2010-08-26,114.59
2010-08-27,116.49
2010-08-30,116.79
2010-08-31,115.35
2010-09-01,116.9
2010-09-02,117.17
2010-09-03,118.38
2010-09-06,119.04
2010-09-07,118.27
2010-09-08,125.0
2010-09-09,123.7
2010-09-10,123.65
2010-09-13,123.31
2010-09-14,121.6
2010-09-15,121.39
2010-09-16,120.22
2010-09-17,117.71
2010-09-20,119.0
2010-09-21,119.6
2010-09-22,119.73
2010-09-23,119.25
2010-09-24,118.5
2010-09-27,117.31
2010-09-28,116.64
2010-09-29,117.0
2010-09-30,118.78
2010-10-01,118.11
2010-10-04,120.45
2010-10-05,121.25
2010-10-06,119.78
2010-10-07,119.71
2010-10-08,118.4
2010-10-11,119.37
2010-10-12,118.9
2010-10-13,121.19
2010-10-14,120.15
2010-10-15,119.77
2010-10-18,119.67
2010-10-19,118.6
2010-10-20,118.85
2010-10-21,119.99
2010-10-22,118.39
2010-10-25,119.68
2010-10-26,120.47
2010-10-27,119.25
2010-10-28,118.9
2010-10-29,120.9
2010-11-01,120.6
2010-11-02,121.95
2010-11-03,121.08
2010-11-08,124.25
2010-11-09,127.39
2010-11-10,125.44
2010-11-11,126.27
2010-11-12,124.98
2010-11-13,124.0
2010-11-15,128.3
2010-11-16,127.87
2010-11-17,127.0
2010-11-18,127.49
2010-11-19,127.02
2010-11-22,126.69
2010-11-23,126.97
2010-11-24,126.7
2010-11-25,126.87
2010-11-26,125.9
2010-11-29,124.3
2010-11-30,124.79
2010-12-01,127.6
2010-12-02,128.95
2010-12-03,130.91
2010-12-06,130.65
2010-12-07,134.0
2010-12-08,131.4
2010-12-09,132.07
2010-12-10,132.1
2010-12-13,132.19
2010-12-14,130.5
2010-12-15,129.64
2010-12-16,129.93
2010-12-17,128.2
2010-12-20,128.14
2010-12-21,128.49
2010-12-22,128.98
2010-12-23,128.66
2010-12-24,128.42
2010-12-27,127.44
2010-12-28,127.44
2010-12-29,128.08
2010-12-30,128.03
2011-01-11,130.38
2011-01-12,134.7
2011-01-13,132.5
2011-01-14,132.95
2011-01-17,137.18
2011-01-18,136.72
2011-01-19,136.55
2011-01-20,134.3
2011-01-21,135.33
2011-01-24,132.43
2011-01-25,132.2
2011-01-26,133.2
2011-01-27,133.75
2011-01-28,132.85
2011-01-31,131.15
2011-02-01,134.87
2011-02-02,137.34
2011-02-03,136.1
2011-02-04,136.72
2011-02-07,137.32
2011-02-08,138.3
2011-02-09,139.4
2011-02-10,136.0
2011-02-11,135.85
2011-02-14,137.8
2011-02-15,137.51
2011-02-16,137.19
2011-02-17,139.05
2011-02-18,141.52
2011-02-21,145.31
2011-02-22,154.77
2011-02-24,155.06
2011-02-25,153.62
2011-02-28,156.15
2011-03-01,151.49
2011-03-02,150.29
2011-03-03,152.7
2011-03-04,152.58
2011-03-05,154.03
2011-03-09,156.03
2011-03-10,150.29
2011-03-11,144.39
2011-03-14,144.94
2011-03-15,139.5
2011-03-16,144.75
2011-03-17,146.8
2011-03-18,145.33
2011-03-21,149.27
2011-03-22,149.75
2011-03-23,151.5
2011-03-24,150.65
2011-03-25,151.5
2011-03-28,151.12
2011-03-29,147.94
2011-03-30,148.95
2011-03-31,148.77
2011-04-01,150.0
2011-04-04,150.9
2011-04-05,149.25
2011-04-06,148.83
2011-04-07,147.58
2011-04-08,147.45
2011-04-11,146.8
2011-04-12,140.61
2011-04-13,140.36
2011-04-14,138.89
2011-04-15,139.3
2011-04-18,136.28
2011-04-19,138.43
2011-04-20,145.0
2011-04-21,146.5
2011-04-22,148.3
2011-04-25,146.69
2011-04-26,141.4
2011-04-27,137.99
2011-04-28,138.5
2011-04-29,137.51
2011-05-03,133.47
2011-05-04,133.55
2011-05-05,130.67
2011-05-06,132.0
2011-05-10,130.01
2011-05-11,129.47
2011-05-12,124.58
2011-05-13,124.16
2011-05-16,121.5
2011-05-17,122.08
2011-05-18,122.05
2011-05-19,122.24
2011-05-20,120.36
2011-05-23,117.0
2011-05-24,118.49
2011-05-25,119.0
2011-05-26,118.33
2011-05-27,121.75
2011-05-30,122.36
2011-05-31,124.0
2011-06-01,124.1
2011-06-02,125.0
2011-06-03,124.05
2011-06-06,125.25
2011-06-07,126.7
2011-06-08,126.51
2011-06-09,128.62
2011-06-10,128.33
2011-06-14,127.94
2011-06-15,124.77
2011-06-16,122.99
2011-06-17,123.0
2011-06-20,121.95
2011-06-21,122.11
2011-06-22,122.61
2011-06-23,121.52
2011-06-24,125.53
2011-06-27,126.02
2011-06-28,126.3
2011-06-29,128.81
2011-06-30,131.3
2011-07-01,132.0
2011-07-04,130.98
2011-07-05,131.8
2011-07-06,131.5
2011-07-07,134.17
2011-07-08,134.96
2011-07-11,132.4
2011-07-12,133.4
2011-07-13,133.52
2011-07-14,138.2
2011-07-15,137.76
2011-07-18,136.74
2011-07-19,136.65
2011-07-20,137.0
2011-07-21,139.35
2011-07-22,138.01
2011-07-25,137.03
2011-07-26,138.3
2011-07-27,137.39
2011-07-28,137.88
2011-07-29,139.39
2011-08-01,140.0
2011-08-02,137.8
2011-08-03,130.06
2011-08-04,126.0
2011-08-05,124.06
2011-08-08,117.2
2011-08-09,119.5
2011-08-10,118.5
2011-08-11,120.01
2011-08-12,124.03
2011-08-15,128.01
2011-08-16,126.69
2011-08-17,129.43
2011-08-18,123.69
2011-08-19,119.72
2011-08-22,120.88
2011-08-23,120.08
2011-08-24,121.27
2011-08-25,119.31
2011-08-26,121.2
2011-08-29,124.58
2011-08-30,124.8
2011-08-31,127.11
2011-09-01,128.35
2011-09-02,127.3
2011-09-05,123.31
2011-09-06,123.52
2011-09-07,127.2
2011-09-08,127.39
2011-09-09,124.6
2011-09-12,127.0
2011-09-13,126.33
2011-09-14,125.67
2011-09-15,125.5
2011-09-16,125.39
2011-09-19,122.99
2011-09-20,124.28
2011-09-21,123.62
2011-09-22,118.0
2011-09-23,111.61
2011-09-26,112.63
2011-09-27,114.66
2011-09-28,112.6
2011-09-29,114.8
2011-09-30,112.95
2011-10-03,111.99
2011-10-04,106.83
2011-10-05,106.98
2011-10-06,109.54
2011-10-07,109.83
2011-10-10,111.77
2011-10-11,110.79
2011-10-12,114.1
2011-10-13,113.0
2011-10-14,115.9
2011-10-17,115.5
2011-10-18,118.21
2011-10-19,122.9
2011-10-20,126.0
2011-10-21,127.75
2011-10-24,128.5
2011-10-25,128.1
2011-10-26,128.16
2011-10-27,127.9
2011-10-28,127.37
2011-10-31,127.88
2011-11-01,125.59
2011-11-02,125.91
2011-11-03,127.55
2011-11-07,131.94
2011-11-08,133.34
2011-11-09,133.31
2011-11-10,133.95
2011-11-11,133.96
2011-11-14,135.51
2011-11-15,137.13
2011-11-16,137.51
2011-11-17,133.29
2011-11-18,132.85
2011-11-21,131.4
2011-11-22,133.65
2011-11-23,134.23
2011-11-24,134.61
2011-11-25,135.93
2011-11-28,139.04
2011-11-29,138.7
2011-11-30,142.45
2011-12-01,139.5
2011-12-02,139.55
2011-12-05,138.69
2011-12-06,138.0
2011-12-07,137.98
2011-12-08,139.21
2011-12-09,137.93
2011-12-12,136.28
2011-12-13,134.55
2011-12-14,134.57
2011-12-15,136.5
2011-12-16,138.28
2011-12-19,138.4
2011-12-20,140.74
2011-12-21,141.0
2011-12-22,144.11
2011-12-23,145.39
2011-12-26,142.7
2011-12-27,142.11
2011-12-28,145.3
2011-12-29,149.5
2011-12-30,147.88
2012-01-03,150.18
2012-01-04,148.7
2012-01-05,148.93
2012-01-06,149.0
2012-01-09,148.5
2012-01-10,150.52
2012-01-11,149.5
2012-01-12,149.0
2012-01-13,146.18
2012-01-16,145.73
2012-01-17,147.63
2012-01-18,148.5
2012-01-19,150.82
2012-01-20,150.6
2012-01-23,150.06
2012-01-24,150.25
2012-01-25,150.34
2012-01-26,150.42
2012-01-27,150.77
2012-01-30,148.55
2012-01-31,148.57
2012-02-01,150.02
2012-02-02,149.75
2012-02-03,149.3
2012-02-06,148.67
2012-02-07,148.92
2012-02-08,149.48
2012-02-09,150.8
2012-02-10,152.15
2012-02-13,152.99
2012-02-14,154.64
2012-02-15,154.45
2012-02-16,153.49
2012-02-17,154.5
2012-02-20,153.8
2012-02-21,152.58
2012-02-22,151.89
2012-02-24,155.13
2012-02-27,155.62
2012-02-28,155.41
2012-02-29,156.95
2012-03-01,156.89
2012-03-02,156.45
2012-03-05,156.99
2012-03-06,156.59
2012-03-07,159.0
2012-03-11,162.1
2012-03-12,158.12
2012-03-13,157.6
2012-03-14,156.31
2012-03-15,155.71
2012-03-16,151.19
2012-03-19,157.41
2012-03-20,156.46
2012-03-21,155.0
2012-03-22,152.19
2012-03-23,151.8
2012-03-26,154.31
2012-03-27,155.91
2012-03-28,154.1
2012-03-29,151.0
2012-03-30,155.78
2012-04-02,155.72
2012-04-03,157.25
2012-04-04,155.11
2012-04-05,156.13
2012-04-06,153.81
2012-04-09,157.86
2012-04-10,153.28
2012-04-11,155.48
2012-04-12,155.99
2012-04-13,154.19
2012-04-16,156.0
2012-04-17,155.35
2012-04-18,155.49
2012-04-19,156.18
2012-04-20,157.7
2012-04-23,154.7
2012-04-24,155.0
2012-04-25,146.2
2012-04-26,137.12
2012-04-27,142.0
2012-04-28,140.76
2012-05-02,138.5
2012-05-03,138.35
2012-05-04,133.0
2012-05-05,131.76
2012-05-07,130.0
2012-05-08,134.02
2012-05-10,133.39
2012-05-11,134.01
2012-05-12,135.55
2012-05-14,130.1
2012-05-15,131.94
2012-05-16,131.51
2012-05-17,130.39
2012-05-18,130.0
2012-05-21,131.99
2012-05-22,131.84
2012-05-23,126.18
2012-05-24,128.94
2012-05-25,130.5
2012-05-28,130.66
2012-05-29,132.4
2012-05-30,131.45
2012-05-31,131.81
2012-06-01,128.29
2012-06-04,128.5
2012-06-05,128.61
2012-06-06,131.35
2012-06-07,132.22
2012-06-08,137.36
2012-06-09,136.41
2012-06-13,140.0
2012-06-14,140.65
2012-06-15,145.43
2012-06-18,143.39
2012-06-19,142.2
2012-06-20,141.05
2012-06-21,142.01
2012-06-22,140.71
2012-06-25,143.02
2012-06-26,146.0
2012-06-27,145.0
2012-06-28,145.21
2012-06-29,147.62
2012-07-02,150.0
2012-07-03,151.01
2012-07-04,151.02
2012-07-05,151.67
2012-07-06,151.72
2012-07-09,151.7
2012-07-10,151.4
2012-07-11,150.51
2012-07-12,154.8
2012-07-13,152.19
2012-07-16,152.43
2012-07-17,154.9
2012-07-18,155.1
2012-07-19,155.27
2012-07-20,153.05
2012-07-23,150.1
2012-07-24,148.5
2012-07-25,147.23
2012-07-26,150.21
2012-07-27,154.45
2012-07-30,157.25
2012-07-31,154.72
2012-08-01,152.34
2012-08-02,150.36
2012-08-03,154.68
2012-08-06,153.81
2012-08-07,154.5
2012-08-08,154.94
2012-08-09,155.93
2012-08-10,155.67
2012-08-13,155.13
2012-08-14,155.26
2012-08-15,151.7
2012-08-16,151.34
2012-08-17,148.55
2012-08-20,148.86
2012-08-21,151.99
2012-08-22,149.54
2012-08-23,150.1
2012-08-24,149.77
2012-08-27,148.07
2012-08-28,149.0
2012-08-29,148.05
2012-08-30,149.0
2012-08-31,151.24
2012-09-03,152.47
2012-09-04,152.41
2012-09-05,152.05
2012-09-06,153.89
2012-09-07,155.88
2012-09-10,154.91
2012-09-11,153.81
2012-09-12,152.65
2012-09-13,152.7
2012-09-14,156.22
2012-09-17,156.01
2012-09-18,155.73
2012-09-19,152.6
2012-09-20,151.8
2012-09-21,153.31
2012-09-24,150.3
2012-09-25,150.03
2012-09-26,148.42
2012-09-27,151.05
2012-09-28,152.67
2012-10-01,154.5
2012-10-02,154.57
2012-10-03,154.62
2012-10-04,154.37
2012-10-05,154.91
2012-10-08,155.1
2012-10-09,154.43
2012-10-10,154.75
2012-10-11,155.09
2012-10-12,154.5
2012-10-15,156.29
2012-10-16,156.25
2012-10-17,158.7
2012-10-18,158.5
2012-10-19,156.12
2012-10-22,156.3
2012-10-23,153.75
2012-10-24,155.01
2012-10-25,154.2
2012-10-26,154.5
2012-10-29,155.01
2012-10-30,155.42
2012-10-31,153.0
2012-11-01,155.77
2012-11-02,156.74
2012-11-06,155.5
2012-11-07,151.41
2012-11-08,153.21
2012-11-09,147.13
2012-11-12,148.65
2012-11-13,146.71
2012-11-14,142.56
2012-11-15,142.6
2012-11-16,143.75
2012-11-19,144.0
2012-11-20,141.04
2012-11-21,143.1
2012-11-22,142.03
2012-11-23,141.36
2012-11-26,139.53
2012-11-27,140.51
2012-11-28,138.32
2012-11-29,139.0
2012-11-30,140.71
2012-12-03,142.12
2012-12-04,142.01
2012-12-05,142.76
2012-12-06,142.85
2012-12-07,142.59
2012-12-10,141.82
2012-12-11,142.15
2012-12-12,146.45
2012-12-13,147.69
2012-12-14,148.61
2012-12-17,147.94
2012-12-18,147.25
2012-12-19,145.51
2012-12-20,146.5
2012-12-21,143.43
2012-12-24,143.05
2012-12-25,142.66
2012-12-26,143.62
2012-12-27,142.2
2012-12-28,142.5
2013-01-08,143.78
2013-01-09,143.1
2013-01-10,142.49
2013-01-11,143.6
2013-01-14,143.89
2013-01-15,142.88
2013-01-16,142.59
2013-01-17,142.83
2013-01-18,142.85
2013-01-21,143.08
2013-01-22,142.81
2013-01-23,144.2
2013-01-24,143.5
2013-01-25,145.39
2013-01-28,145.2
2013-01-29,144.5
2013-01-30,145.27
2013-01-31,146.51
2013-02-01,146.1
2013-02-04,145.0
2013-02-05,144.25
2013-02-06,144.89
2013-02-07,143.58
2013-02-08,143.17
2013-02-11,143.15
2013-02-12,142.11
2013-02-13,143.58
2013-02-14,143.72
2013-02-15,144.0
2013-02-18,143.54
2013-02-19,142.99
2013-02-20,143.73
2013-02-21,141.65
2013-02-22,142.0
2013-02-25,142.69
2013-02-26,142.0
2013-02-27,140.77
2013-02-28,137.77
2013-03-01,136.5
2013-03-04,135.3
2013-03-05,137.5
2013-03-06,138.99
2013-03-07,139.5
2013-03-11,140.85
2013-03-12,140.46
2013-03-13,140.69
2013-03-14,140.35
2013-03-15,140.26
2013-03-18,137.9
2013-03-19,135.15
2013-03-20,136.31
2013-03-21,136.79
2013-03-22,136.17
2013-03-25,134.7
2013-03-26,131.7
2013-03-27,130.61
2013-03-28,130.7
2013-03-29,131.65
2013-04-01,131.0
2013-04-02,131.0
2013-04-03,132.18
2013-04-04,131.6
2013-04-05,130.13
2013-04-08,130.7
2013-04-09,131.5
2013-04-10,131.95
2013-04-11,130.19
2013-04-12,127.63
2013-04-15,128.7
2013-04-16,130.77
2013-04-17,131.8
2013-04-18,134.39
2013-04-19,133.9
2013-04-22,134.5
2013-04-23,134.2
2013-04-24,129.76
2013-04-25,129.0
2013-04-26,125.65
2013-04-29,122.73
2013-04-30,126.0
2013-05-02,127.99
2013-05-03,129.5
2013-05-06,129.35
2013-05-07,130.2
2013-05-08,130.2
2013-05-10,130.72
2013-05-13,129.5
2013-05-14,127.98
2013-05-15,128.51
2013-05-16,127.0
2013-05-17,128.1
2013-05-20,128.12
2013-05-21,128.0
2013-05-22,128.69
2013-05-23,126.84
2013-05-24,125.45
2013-05-27,125.6
2013-05-28,125.65
2013-05-29,123.16
2013-05-30,121.7
2013-05-31,121.64
2013-06-03,120.03
2013-06-04,121.74
2013-06-05,120.22
2013-06-06,119.13
2013-06-07,123.15
2013-06-10,123.87
2013-06-11,119.79
2013-06-13,112.78
2013-06-14,112.54
2013-06-17,112.61
2013-06-18,114.12
2013-06-19,112.19
2013-06-20,113.0
2013-06-21,114.98
2013-06-24,115.0
2013-06-25,116.0
2013-06-26,117.62
2013-06-27,117.19
2013-06-28,117.5
2013-07-01,118.25
2013-07-02,118.59
2013-07-03,118.15
2013-07-04,118.1
2013-07-05,117.88
2013-07-08,117.94
2013-07-09,116.44
2013-07-10,115.88
2013-07-11,117.32
2013-07-12,118.74
2013-07-15,118.47
2013-07-16,118.19
2013-07-17,127.83
2013-07-18,124.57
2013-07-19,124.3
2013-07-22,125.53
2013-07-23,125.0
2013-07-24,121.87
2013-07-25,118.8
2013-07-26,118.61
2013-07-29,120.19
2013-07-30,118.18
2013-07-31,117.8
2013-08-01,120.4
2013-08-02,119.37
2013-08-05,117.97
2013-08-06,117.0
2013-08-07,117.52
2013-08-08,118.14
2013-08-09,120.77
2013-08-12,121.4
2013-08-13,125.23
2013-08-14,126.85
2013-08-15,124.87
2013-08-16,124.43
2013-08-19,124.0
2013-08-20,124.63
2013-08-21,125.1
2013-08-22,128.61
2013-08-23,132.24
2013-08-26,129.56
2013-08-27,131.6
2013-08-28,132.24
2013-08-29,133.99
2013-08-30,135.57
2013-09-02,137.44
2013-09-03,137.47
2013-09-04,139.8
2013-09-05,141.86
2013-09-06,141.54
2013-09-09,144.1
2013-09-10,142.01
2013-09-11,142.0
2013-09-12,141.54
2013-09-13,142.38
2013-09-16,143.2
2013-09-17,141.74
2013-09-18,141.71
2013-09-19,142.24
2013-09-20,139.61
2013-09-23,138.98
2013-09-24,140.36
2013-09-25,140.52
2013-09-26,141.25
2013-09-27,142.01
2013-09-30,141.58
2013-10-01,143.99
2013-10-02,143.15
2013-10-03,142.84
2013-10-04,144.0
2013-10-07,143.99
2013-10-08,145.59
2013-10-09,146.13
2013-10-10,145.65
2013-10-11,147.07
2013-10-14,147.09
2013-10-15,149.11
2013-10-16,148.53
2013-10-17,147.25
2013-10-18,147.44
2013-10-21,147.16
2013-10-22,147.75
2013-10-23,144.02
2013-10-24,144.14
2013-10-25,145.37
2013-10-28,146.35
2013-10-29,145.41
2013-10-30,145.9
2013-10-31,145.02
2013-11-01,145.93
2013-11-05,145.84
2013-11-06,146.75
2013-11-07,148.28
2013-11-08,148.25
2013-11-11,149.0
2013-11-12,148.5
2013-11-13,147.36
2013-11-14,149.17
2013-11-15,148.74
2013-11-18,148.2
2013-11-19,148.1
2013-11-20,148.26
2013-11-21,147.12
2013-11-22,148.63
2013-11-25,147.8
2013-11-26,148.16
2013-11-27,147.49
2013-11-28,147.61
2013-11-29,148.26
2013-12-02,148.33
2013-12-03,149.27
2013-12-04,148.99
2013-12-05,147.75
2013-12-06,148.39
2013-12-09,147.77
2013-12-10,147.1
2013-12-11,146.18
2013-12-12,145.38
2013-12-13,143.24
2013-12-16,143.44
2013-12-17,143.98
2013-12-18,146.0
2013-12-19,147.2
2013-12-20,145.8
2013-12-23,148.9
2013-12-24,148.11
2013-12-25,147.14
2013-12-26,147.82
2013-12-27,147.36
2013-12-30,147.61
2014-01-06,147.79
2014-01-08,148.39
2014-01-09,146.79
2014-01-10,146.78
2014-01-13,147.41
2014-01-14,147.18
2014-01-15,146.64
2014-01-16,146.68
2014-01-17,146.45
2014-01-20,148.0
2014-01-21,148.16
2014-01-22,147.0
2014-01-23,146.89
2014-01-24,146.93
2014-01-27,143.49
2014-01-28,141.84
2014-01-29,143.27
2014-01-30,141.64
2014-01-31,141.37
2014-02-03,139.45
2014-02-04,141.26
2014-02-05,142.18
2014-02-06,141.79
2014-02-07,143.91
2014-02-10,145.25
2014-02-11,146.52
2014-02-12,147.47
2014-02-13,146.0
2014-02-14,146.6
2014-02-17,146.51
2014-02-18,145.24
2014-02-19,147.5
2014-02-20,145.68
2014-02-21,146.81
2014-02-24,146.88
2014-02-25,145.38
2014-02-26,146.08
2014-02-27,144.9
2014-02-28,142.73
2014-03-03,129.5
2014-03-04,139.31
2014-03-05,139.86
2014-03-06,138.2
2014-03-07,140.54
2014-03-11,141.7
2014-03-12,138.26
2014-03-13,135.31
2014-03-14,134.18
2014-03-17,134.12
2014-03-18,137.6
2014-03-19,135.8
2014-03-20,135.41
2014-03-21,133.58
2014-03-24,135.04
2014-03-25,136.79
2014-03-26,137.61
2014-03-27,139.61
2014-03-28,145.14
2014-03-31,143.96
2014-04-01,143.2
2014-04-02,141.47
2014-04-03,140.75
2014-04-04,142.48
2014-04-07,137.61
2014-04-08,139.62
2014-04-09,142.98
2014-04-10,143.65
2014-04-11,142.85
2014-04-14,142.5
2014-04-15,142.79
2014-04-16,142.8
2014-04-17,140.61
2014-04-18,141.34
2014-04-21,142.0
2014-04-22,141.51
2014-04-23,141.0
2014-04-24,138.7
2014-04-25,135.39
2014-04-28,135.25
2014-04-29,133.86
2014-04-30,138.52
2014-05-02,138.81
2014-05-05,138.58
2014-05-06,137.75
2014-05-07,139.59
2014-05-08,140.19
2014-05-12,139.6
2014-05-13,140.89
2014-05-14,141.92
2014-05-15,141.3
2014-05-16,141.5
2014-05-19,142.26
2014-05-20,142.82
2014-05-21,141.9
2014-05-22,140.7
2014-05-23,140.15
2014-05-26,140.58
2014-05-27,139.15
2014-05-28,140.13
2014-05-29,140.03
2014-05-30,140.24
2014-06-02,142.0
2014-06-03,146.51
2014-06-04,150.01
2014-06-05,148.36
2014-06-06,148.47
2014-06-09,148.92
2014-06-10,149.11
2014-06-11,152.5
2014-06-16,153.0
2014-06-17,155.5
2014-06-18,156.69
2014-06-19,153.5
2014-06-20,150.61
2014-06-23,151.59
2014-06-24,151.18
2014-06-25,149.23
2014-06-26,147.0
2014-06-27,147.75
2014-06-30,150.5
2014-07-01,149.85
2014-07-02,151.41
2014-07-03,148.69
2014-07-04,148.85
2014-07-07,151.6
2014-07-08,151.58
2014-07-09,147.79
2014-07-10,143.15
2014-07-11,144.5
2014-07-14,143.78
2014-07-15,142.75
2014-07-16,142.0
2014-07-17,139.73
2014-07-18,139.7
2014-07-21,138.21
2014-07-22,137.0
2014-07-23,136.46
2014-07-24,136.83
2014-07-25,135.0
2014-07-28,133.32
2014-07-29,132.74
2014-07-30,133.55
2014-07-31,133.09
2014-08-01,133.11
2014-08-04,132.54
2014-08-05,132.0
2014-08-06,129.23
2014-08-07,129.2
2014-08-08,129.99
2014-08-11,134.83
2014-08-12,138.15
2014-08-13,140.15
2014-08-14,140.09
2014-08-15,140.9
2014-08-18,140.32
2014-08-19,142.47
2014-08-20,147.46
2014-08-21,146.41
2014-08-22,146.68
2014-08-25,146.6
2014-08-26,146.16
2014-08-27,147.18
2014-08-28,143.18
2014-08-29,141.45
2014-09-01,141.87
2014-09-02,140.76
2014-09-03,145.85
2014-09-04,146.97
2014-09-05,147.0
2014-09-08,143.52
2014-09-09,144.17
2014-09-10,146.1
2014-09-11,144.58
2014-09-12,147.18
2014-09-15,145.63
2014-09-16,146.39
2014-09-17,143.69
2014-09-18,143.18
2014-09-19,140.73
2014-09-22,141.08
2014-09-23,141.0
2014-09-24,141.96
2014-09-25,141.05
2014-09-26,141.4
2014-09-29,142.04
2014-09-30,144.2
2014-10-01,144.1
2014-10-02,144.2
2014-10-03,145.3
2014-10-06,147.6
2014-10-07,147.9
2014-10-08,148.0
2014-10-09,146.1
2014-10-10,145.1
2014-10-13,148.7
2014-10-14,149.2
2014-10-15,148.8
2014-10-16,143.1
2014-10-17,146.0
2014-10-20,146.1
2014-10-21,144.5
2014-10-22,143.9
2014-10-23,146.2
2014-10-24,146.0
2014-10-27,147.7
2014-10-28,150.3
2014-10-29,150.8
2014-10-30,151.8
2014-10-31,151.7
2014-11-03,154.4
2014-11-05,153.0
2014-11-06,152.0
2014-11-07,152.2
2014-11-10,154.0
2014-11-11,153.5
2014-11-12,154.7
2014-11-13,152.8
2014-11-14,152.5
2014-11-17,152.8
2014-11-18,153.5
2014-11-19,156.0
2014-11-20,155.0
2014-11-21,157.0
2014-11-24,156.7
2014-11-25,155.8
2014-11-26,156.9
2014-11-27,156.4
2014-11-28,157.9
2014-12-01,157.3
2014-12-02,157.5
2014-12-03,159.5
2014-12-04,159.1
2014-12-05,154.0
2014-12-08,152.9
2014-12-09,156.6
2014-12-10,154.2
2014-12-11,152.1
2014-12-12,147.1
2014-12-15,142.4
2014-12-16,144.0
2014-12-17,141.8
2014-12-18,143.1
2014-12-19,144.5
2014-12-22,144.0
2014-12-23,145.9
2014-12-24,140.4
2014-12-25,141.2
2014-12-26,141.5
2014-12-29,144.7
2014-12-30,143.0
2015-01-05,142.0
2015-01-06,144.6
2015-01-08,148.1
2015-01-09,146.6
2015-01-12,143.1
2015-01-13,143.8
2015-01-14,142.9
2015-01-15,142.6
2015-01-16,144.0
2015-01-19,146.7
2015-01-20,150.1
2015-01-21,154.3
2015-01-22,155.5
2015-01-23,153.8
2015-01-26,151.3
2015-01-27,152.5
2015-01-28,151.7
2015-01-29,152.9
2015-01-30,156.9
2015-02-02,155.9
2015-02-03,156.9
2015-02-04,159.2
2015-02-05,158.5
2015-02-06,160.3
2015-02-09,166.0
2015-02-10,171.0
2015-02-11,176.0
2015-02-12,189.0
2015-02-13,190.5
2015-02-16,181.5
2015-02-17,181.1
2015-02-18,180.8
2015-02-19,175.5
2015-02-20,172.4
2015-02-24,166.6
2015-02-25,166.5
2015-02-26,168.4
2015-02-27,172.6
2015-03-02,171.9
2015-03-03,175.1
2015-03-04,172.0
2015-03-05,172.6
2015-03-06,171.2
2015-03-10,163.8
2015-03-11,161.9
2015-03-12,159.6
2015-03-13,156.7
2015-03-16,157.0
2015-03-17,156.1
2015-03-18,157.6
2015-03-19,159.4
2015-03-20,159.7
2015-03-23,157.8
2015-03-24,155.9
2015-03-25,155.6
2015-03-26,154.9
2015-03-27,155.7
2015-03-30,157.7
2015-03-31,159.5
2015-04-01,158.8
2015-04-02,157.6
2015-04-03,159.1
2015-04-06,160.0
2015-04-07,157.8
2015-04-08,154.5
2015-04-09,153.1
2015-04-10,151.5
2015-04-13,152.3
2015-04-14,149.2
2015-04-15,149.7
2015-04-16,147.4
2015-04-17,147.9
2015-04-20,146.8
2015-04-21,148.1
2015-04-22,146.8
2015-04-23,144.2
2015-04-24,145.2
2015-04-27,145.6
2015-04-28,144.5
2015-04-29,142.9
2015-04-30,145.7
2015-05-05,145.3
2015-05-06,143.5
2015-05-07,142.8
2015-05-08,143.3
2015-05-12,144.2
2015-05-13,139.8
2015-05-14,140.6
2015-05-15,141.0
2015-05-18,141.3
2015-05-19,139.7
2015-05-20,140.3
2015-05-21,140.0
2015-05-22,140.1
2015-05-25,139.6
2015-05-26,141.0
2015-05-27,140.0
2015-05-28,139.7
2015-05-29,137.8
2015-06-01,138.0
2015-06-02,135.5
2015-06-03,134.9
2015-06-04,134.5
2015-06-05,136.5
2015-06-08,138.0
2015-06-09,140.7
2015-06-10,138.0
2015-06-11,139.0
2015-06-15,140.0
2015-06-16,139.5
2015-06-17,140.7
2015-06-18,140.5
2015-06-19,137.7
2015-06-22,136.3
2015-06-23,136.2
2015-06-24,135.3
2015-06-25,135.5
2015-06-26,136.6
2015-06-29,134.0
2015-06-30,136.0
2015-07-01,136.4
2015-07-02,136.6
2015-07-03,135.2
2015-07-06,135.2
2015-07-07,135.0
2015-07-08,134.6
2015-07-09,136.6
2015-07-10,136.1
2015-07-13,138.0
2015-07-14,138.1
2015-07-15,139.4
2015-07-16,141.7
2015-07-17,139.8
2015-07-20,137.9
2015-07-21,138.0
2015-07-22,136.2
2015-07-23,135.2
2015-07-24,134.6
2015-07-27,134.3
2015-07-28,134.6
2015-07-29,135.7
2015-07-30,136.6
2015-07-31,137.4
2015-08-03,136.9
2015-08-04,137.4
2015-08-05,138.1
2015-08-06,137.6
2015-08-07,138.0
2015-08-10,139.3
2015-08-11,140.3
2015-08-12,145.1
2015-08-13,145.0
2015-08-14,146.2
2015-08-17,146.0
2015-08-18,143.5
2015-08-19,142.8
2015-08-20,145.8
2015-08-21,144.8
2015-08-24,142.0
2015-08-25,143.0
2015-08-26,143.1
2015-08-27,145.5
2015-08-28,147.6
2015-08-31,146.9
2015-09-01,146.5
2015-09-02,147.4
2015-09-03,148.1
2015-09-04,147.9
2015-09-07,147.7
2015-09-08,148.6
2015-09-09,150.0
2015-09-10,150.4
2015-09-11,149.8
2015-09-14,150.0
2015-09-15,149.5
2015-09-16,152.5
2015-09-17,148.9
2015-09-18,148.6
2015-09-21,147.6
2015-09-22,145.8
2015-09-23,144.7
2015-09-24,146.7
2015-09-25,145.5
2015-09-28,145.0
2015-09-29,145.2
2015-09-30,145.9
2015-10-01,145.0
2015-10-02,146.5
2015-10-05,148.6
2015-10-06,149.3
2015-10-07,149.5
2015-10-08,150.0
2015-10-09,151.4
2015-10-12,150.4
2015-10-13,151.6
2015-10-14,151.9
2015-10-15,148.2
2015-10-16,147.4
2015-10-19,146.2
2015-10-20,147.0
2015-10-21,145.2
2015-10-22,145.8
2015-10-23,146.5
2015-10-26,146.7
2015-10-27,147.0
2015-10-28,145.5
2015-10-29,145.4
2015-10-30,145.7
2015-11-02,145.75
2015-11-03,146.4
2015-11-05,147.0
2015-11-06,147.1
2015-11-09,145.55
2015-11-10,145.2
2015-11-11,144.9
2015-11-12,144.95
2015-11-13,143.3
2015-11-16,144.75
2015-11-17,146.0
2015-11-18,148.45
2015-11-19,146.35
2015-11-20,146.5
2015-11-23,147.95
2015-11-24,146.35
2015-11-25,147.5
2015-11-26,147.55
2015-11-27,146.8
2015-11-30,147.05
2015-12-01,147.35
2015-12-02,147.9
2015-12-03,148.85
2015-12-04,149.7
2015-12-07,148.25
2015-12-08,147.6
2015-12-09,148.5
2015-12-10,148.25
2015-12-11,148.3
2015-12-14,148.5
2015-12-15,149.2
2015-12-16,150.0
2015-12-17,151.35
2015-12-18,151.85
2015-12-21,149.9
2015-12-22,151.0
2015-12-23,151.7
2015-12-24,154.0
2015-12-25,151.25
2015-12-28,150.3
2015-12-29,153.2
2015-12-30,153.95
2016-01-04,153.0
2016-01-05,154.4
2016-01-06,154.55
2016-01-11,152.3
2016-01-12,149.95
2016-01-13,148.75
2016-01-14,147.75
2016-01-15,144.9
2016-01-18,143.3
2016-01-19,142.9
2016-01-20,143.0
2016-01-21,141.55
2016-01-22,144.25
2016-01-25,143.75
2016-01-26,144.5
2016-01-27,144.9
2016-01-28,145.05
2016-01-29,145.75
2016-02-01,145.1
2016-02-02,145.15
2016-02-03,144.85
2016-02-04,146.75
2016-02-05,147.9
2016-02-08,147.0
2016-02-09,145.6
2016-02-10,145.25
2016-02-11,143.9
2016-02-12,144.3
2016-02-15,145.5
2016-02-16,144.8
2016-02-17,145.9
2016-02-18,146.9
2016-02-19,145.25
2016-02-20,145.6
2016-02-22,145.45
2016-02-24,144.2
2016-02-25,144.55
2016-02-26,146.2
2016-02-29,148.45
2016-03-01,147.7
2016-03-02,146.25
2016-03-03,147.75
2016-03-04,146.65
2016-03-07,148.55
2016-03-09,147.5
2016-03-10,146.0
2016-03-11,145.05
2016-03-14,145.55
2016-03-15,145.45
2016-03-16,146.0
2016-03-17,145.5
2016-03-18,145.5
2016-03-21,145.8
2016-03-22,147.5
2016-03-23,148.6
2016-03-24,148.65
2016-03-25,147.85
2016-03-28,147.8
2016-03-29,148.0
2016-03-30,150.5
2016-03-31,149.75
2016-04-01,149.25
2016-04-04,149.6
2016-04-05,150.45
2016-04-06,149.85
2016-04-07,149.0
2016-04-08,149.15
2016-04-11,150.1
2016-04-12,151.5
2016-04-13,152.0
2016-04-14,152.15
2016-04-15,150.3
2016-04-18,148.85
2016-04-19,152.9
2016-04-20,154.85
2016-04-21,153.05
2016-04-22,153.3
2016-04-25,153.95
2016-04-26,154.15
2016-04-27,152.9
2016-04-28,153.2
2016-04-29,152.4
2016-05-04,152.9
2016-05-05,153.1
2016-05-06,153.95
2016-05-10,154.4
2016-05-11,155.6
2016-05-12,153.8
2016-05-13,153.85
2016-05-16,154.6
2016-05-17,156.8
2016-05-18,155.5
2016-05-19,155.9
2016-05-20,156.4
2016-05-23,155.0
2016-05-24,155.0
2016-05-25,155.65
2016-05-26,156.6
2016-05-27,156.15
2016-05-30,156.05
2016-05-31,157.1
2016-06-01,156.4
2016-06-02,157.2
2016-06-03,159.0
2016-06-06,158.85
2016-06-07,162.0
2016-06-08,161.25
2016-06-09,158.75
2016-06-10,157.6
2016-06-14,154.85
2016-06-15,156.15
2016-06-16,155.35
2016-06-17,152.2
2016-06-20,157.95
2016-06-21,158.65
2016-06-22,159.1
2016-06-23,161.8
2016-06-24,159.95
2016-06-27,158.25
2016-06-28,157.0
2016-06-29,160.6
2016-06-30,161.35
2016-07-01,163.2
2016-07-04,162.15
2016-07-05,163.95
2016-07-06,162.3
2016-07-07,163.1
2016-07-08,162.65
2016-07-11,162.35
2016-07-12,163.65
2016-07-13,162.8
2016-07-14,164.3
2016-07-15,163.55
2016-07-18,162.3
2016-07-19,163.0
2016-07-20,162.75
2016-07-21,164.5
2016-07-22,166.3
2016-07-25,165.85
2016-07-26,164.55
2016-07-27,164.6
2016-07-28,164.55
2016-07-29,165.8
2016-08-01,165.6
2016-08-02,165.2
2016-08-03,165.85
2016-08-04,166.3
2016-08-05,166.0
2016-08-08,165.15
2016-08-09,165.0
2016-08-10,164.55
2016-08-11,164.5
2016-08-12,165.0
2016-08-15,167.35
2016-08-16,168.45
2016-08-17,170.3
2016-08-18,170.05
2016-08-19,170.3
2016-08-22,170.6
2016-08-23,169.85
2016-08-24,173.1
2016-08-25,172.65
2016-08-26,172.9
2016-08-29,173.25
2016-08-30,173.05
2016-08-31,172.1
2016-09-01,171.8
2016-09-02,171.4
2016-09-05,171.5
2016-09-06,171.3
2016-09-07,173.8
2016-09-08,175.6
2016-09-09,174.2
2016-09-12,172.9
2016-09-13,175.4
2016-09-14,175.65
2016-09-15,175.7
2016-09-16,177.4
2016-09-19,175.2
2016-09-20,176.45
2016-09-21,177.3
2016-09-22,178.7
2016-09-23,178.4
2016-09-26,178.55
2016-09-27,178.5
2016-09-28,177.45
2016-09-29,177.4
2016-09-30,176.9
2016-10-03,178.45
2016-10-04,176.5
2016-10-05,175.2
2016-10-06,175.75
2016-10-07,175.95
2016-10-10,177.05
2016-10-11,177.25
2016-10-12,177.4
2016-10-13,177.5
2016-10-14,177.3
2016-10-17,177.15
2016-10-18,177.05
2016-10-19,179.8
2016-10-20,179.9
2016-10-21,180.5
2016-10-24,180.95
2016-10-25,180.7
2016-10-26,182.85
2016-10-27,185.55
2016-10-28,184.9
2016-10-31,184.7
2016-11-01,185.4
2016-11-02,184.5
2016-11-03,184.75
2016-11-07,182.1
2016-11-08,180.2
2016-11-09,182.55
2016-11-10,186.4
2016-11-11,182.0
2016-11-14,179.55
2016-11-15,182.0
2016-11-16,185.0
2016-11-17,186.0
2016-11-18,186.8
2016-11-21,189.85
2016-11-22,190.0
2016-11-23,192.75
2016-11-24,198.85
2016-11-25,196.6
2016-11-28,193.25
2016-11-29,196.95
2016-11-30,199.9
2016-12-01,200.3
2016-12-02,202.4
2016-12-05,204.0
2016-12-06,205.0
2016-12-07,203.9
2016-12-08,209.95
2016-12-09,206.85
2016-12-12,206.55
2016-12-13,206.55
2016-12-14,206.1
2016-12-15,207.55
2016-12-16,208.0
2016-12-19,207.85
2016-12-20,209.25
2016-12-21,208.9
2016-12-22,208.05
2016-12-23,208.35
2016-12-26,207.05
2016-12-27,208.6
2016-12-28,211.7
2016-12-29,214.15
2016-12-30,214.0
2017-01-03,222.6
2017-01-04,232.2
2017-01-05,229.1
2017-01-06,228.35
2017-01-09,228.5
2017-01-10,228.7
2017-01-11,228.95
2017-01-12,230.3
2017-01-13,227.3
2017-01-16,225.3
2017-01-17,226.8
2017-01-18,227.45
2017-01-19,225.85
2017-01-20,225.9
2017-01-23,220.9
2017-01-24,223.3
2017-01-25,224.2
2017-01-26,228.0
2017-01-27,227.3
2017-01-30,226.35
2017-01-31,230.7
2017-02-01,230.25
2017-02-02,231.7
2017-02-03,233.95
2017-02-06,230.8
2017-02-07,232.25
2017-02-08,232.15
2017-02-09,229.85
2017-02-10,229.3
2017-02-13,230.15
2017-02-14,226.5
2017-02-15,230.05
2017-02-16,230.25
2017-02-17,233.8
2017-02-20,232.85
2017-02-21,232.0
2017-02-22,234.0
2017-02-24,233.2
2017-02-27,229.85
2017-02-28,229.0
2017-03-01,224.0
2017-03-02,223.15
2017-03-03,218.6
2017-03-06,216.45
2017-03-07,203.8
2017-03-09,199.45
2017-03-10,197.45
2017-03-13,206.5
2017-03-14,209.8
2017-03-15,204.8
2017-03-16,202.0
2017-03-17,204.5
2017-03-20,202.45
2017-03-21,198.65
2017-03-22,198.8
2017-03-23,199.4
2017-03-24,200.5
2017-03-27,199.5
2017-03-28,198.6
2017-03-29,201.3
2017-03-30,204.5
2017-03-31,203.7
2017-04-03,207.95
2017-04-04,207.35
2017-04-05,208.05
2017-04-06,210.65
2017-04-07,207.3
2017-04-10,204.35
2017-04-11,202.6
2017-04-12,200.65
2017-04-13,199.9
2017-04-14,201.5
2017-04-17,205.7
2017-04-18,206.3
2017-04-19,203.5
2017-04-20,200.85
2017-04-21,200.45
2017-04-24,199.4
2017-04-25,200.0
2017-04-26,200.15
2017-04-27,197.9
2017-04-28,200.35
2017-05-02,202.0
2017-05-03,200.85
2017-05-04,199.7
2017-05-05,199.25
2017-05-10,198.9
2017-05-11,197.0
2017-05-12,196.55
2017-05-15,196.4
2017-05-16,192.7
2017-05-17,192.8
2017-05-18,193.4
2017-05-19,193.55
2017-05-22,195.35
2017-05-23,196.2
2017-05-24,197.8
2017-05-25,201.4
2017-05-26,199.95
2017-05-29,198.1
2017-05-30,202.45
2017-05-31,202.0
2017-06-01,198.0
2017-06-02,196.0
2017-06-05,198.95
2017-06-06,200.25
2017-06-07,198.4
2017-06-08,196.05
2017-06-09,196.45
2017-06-13,194.3
2017-06-14,190.4
2017-06-15,187.0
2017-06-16,186.65
2017-06-19,188.4
2017-06-20,189.25
2017-06-21,192.0
2017-06-22,192.4
2017-06-23,184.9
2017-06-26,182.85
2017-06-27,184.85
2017-06-28,183.9
2017-06-29,183.45
2017-06-30,181.15
2017-07-03,181.1
2017-07-04,182.25
2017-07-05,183.3
2017-07-06,186.3
2017-07-07,187.2
2017-07-10,186.7
2017-07-11,187.6
2017-07-12,190.65
2017-07-13,186.3
2017-07-14,189.95
2017-07-17,190.9
2017-07-18,191.75
2017-07-19,194.5
2017-07-20,198.0
2017-07-21,197.15
2017-07-24,193.55
2017-07-25,194.3
2017-07-26,197.45
2017-07-27,198.1
2017-07-28,197.55
2017-07-31,199.6
2017-08-01,202.4
2017-08-02,203.5
2017-08-03,203.15
2017-08-04,203.0
2017-08-07,206.0
2017-08-08,207.6
2017-08-09,206.0
2017-08-10,207.15
2017-08-11,206.0
2017-08-14,205.55
2017-08-15,204.5
2017-08-16,206.3
2017-08-17,205.8
2017-08-18,208.9
2017-08-21,210.2
2017-08-22,209.8
2017-08-23,205.45
2017-08-24,203.5
2017-08-25,206.65
2017-08-28,207.1
2017-08-29,206.5
2017-08-30,208.0
2017-08-31,207.55
2017-09-01,207.95
2017-09-04,205.6
2017-09-05,206.25
2017-09-06,207.5
2017-09-07,210.3
2017-09-08,216.0
2017-09-11,224.05
2017-09-12,223.1
2017-09-13,224.15
2017-09-14,221.75
2017-09-15,222.3
2017-09-18,225.4
2017-09-19,224.35
2017-09-20,223.2
2017-09-21,222.2
2017-09-22,218.8
2017-09-25,218.7
2017-09-26,223.2
2017-09-27,226.0
2017-09-28,229.0
2017-09-29,227.0
2017-10-02,225.35
2017-10-03,226.35
2017-10-04,225.75
2017-10-05,227.7
2017-10-06,227.0
2017-10-09,227.55
2017-10-10,226.8
2017-10-11,226.85
2017-10-12,225.95
2017-10-13,227.05
2017-10-16,235.0
2017-10-17,233.15
2017-10-18,234.7
2017-10-19,235.0
2017-10-20,234.7
2017-10-23,231.15
2017-10-24,236.4
2017-10-25,231.75
2017-10-26,233.65
2017-10-27,234.95
2017-10-30,235.95
2017-10-31,245.0
2017-11-01,247.05
2017-11-02,246.0
2017-11-03,250.6
2017-11-07,262.5
2017-11-08,256.85
2017-11-09,260.1
2017-11-10,256.9
2017-11-13,259.9
2017-11-14,257.9
2017-11-15,256.7
2017-11-16,255.2
2017-11-17,258.05
2017-11-20,257.0
2017-11-21,261.5
2017-11-22,259.6
2017-11-23,259.2
2017-11-24,262.45
2017-11-27,263.3
2017-11-28,260.5
2017-11-29,255.85
2017-11-30,251.0
2017-12-01,253.85
2017-12-04,253.4
2017-12-05,252.95
2017-12-06,250.35
2017-12-07,249.55
2017-12-08,245.35
2017-12-11,251.45
2017-12-12,253.9
2017-12-13,252.5
2017-12-14,252.0
2017-12-15,251.0
2017-12-18,251.0
2017-12-19,248.0
2017-12-20,244.65
2017-12-21,243.8
2017-12-22,245.55
2017-12-25,249.0
2017-12-26,249.65
2017-12-27,249.95
2017-12-28,245.5
2017-12-29,244.1
2018-01-03,242.5
2018-01-04,243.7
2018-01-05,244.2
2018-01-09,249.1
2018-01-10,253.0
2018-01-11,255.7
2018-01-12,259.9
2018-01-15,258.55
2018-01-16,259.1
2018-01-17,262.05
2018-01-18,269.95
2018-01-19,266.45
2018-01-22,268.5
2018-01-23,269.35
2018-01-24,269.0
2018-01-25,277.9
2018-01-26,276.7
2018-01-29,279.6
2018-01-30,280.1
2018-01-31,279.1
2018-02-01,281.2
2018-02-02,283.7
2018-02-05,281.2
2018-02-06,274.0
2018-02-07,281.9
2018-02-08,286.2
2018-02-09,280.15
2018-02-12,281.45
2018-02-13,282.3
2018-02-14,280.0
2018-02-15,283.95
2018-02-16,278.05
2018-02-19,282.3
2018-02-20,281.6
2018-02-21,281.95
2018-02-22,283.05
2018-02-26,284.65
2018-02-27,286.9
2018-02-28,283.9
2018-03-01,294.8
2018-03-02,291.45
2018-03-05,291.85
2018-03-06,294.65
2018-03-07,291.85
2018-03-09,292.75
2018-03-12,290.05
2018-03-13,288.0
2018-03-14,286.7
2018-03-15,284.5
2018-03-16,289.05
2018-03-19,290.35
2018-03-20,292.45
2018-03-21,292.9
2018-03-22,290.0
2018-03-23,288.0
2018-03-26,288.45
2018-03-27,296.95
2018-03-28,295.25
2018-03-29,295.1
2018-03-30,295.85
2018-04-02,299.15
2018-04-03,298.9
2018-04-04,303.35
2018-04-05,314.0
2018-04-06,312.05
2018-04-09,297.4
2018-04-10,296.25
2018-04-11,288.8
2018-04-12,296.75
2018-04-13,296.7
2018-04-16,302.1
2018-04-17,306.5
2018-04-18,310.1
2018-04-19,302.35
2018-04-20,301.1
2018-04-23,304.3
2018-04-24,299.85
2018-04-25,297.0
2018-04-26,302.3
2018-04-27,305.0
2018-04-28,306.0
2018-04-30,308.2
2018-05-02,309.0
2018-05-03,304.1
2018-05-04,307.85
2018-05-07,315.5
2018-05-08,313.7
2018-05-10,313.65
2018-05-11,332.45
2018-05-14,325.1
2018-05-15,326.15
2018-05-16,329.85
2018-05-17,323.0
2018-05-18,325.0
2018-05-21,327.45
2018-05-22,332.45
2018-05-23,333.1
2018-05-24,332.25
2018-05-25,331.0
2018-05-28,331.2
2018-05-29,329.9
2018-05-30,328.95
2018-05-31,321.9
2018-06-01,318.0
2018-06-04,321.7
2018-06-05,326.0
2018-06-06,326.0
2018-06-07,327.2
2018-06-08,326.1
2018-06-09,327.3
2018-06-11,329.75
2018-06-13,322.95
2018-06-14,320.0
2018-06-15,323.55
2018-06-18,322.0
2018-06-19,320.0
2018-06-20,315.1
2018-06-21,314.75
2018-06-22,312.4
2018-06-25,308.95
2018-06-26,309.2
2018-06-27,311.0
2018-06-28,313.6
2018-06-29,324.0
2018-07-02,323.9
2018-07-03,327.8
2018-07-04,334.4
2018-07-05,335.0
2018-07-06,335.0
2018-07-09,339.2
2018-07-10,340.3
2018-07-11,338.45
2018-07-12,339.2
2018-07-13,340.1
2018-07-16,338.95
2018-07-17,338.9
2018-07-18,342.1
2018-07-19,338.65
2018-07-20,337.75
2018-07-23,340.9
2018-07-24,334.7
2018-07-25,330.35
2018-07-26,329.7
2018-07-27,328.9
2018-07-30,325.2
2018-07-31,328.2
2018-08-01,333.5
2018-08-02,328.6
2018-08-03,327.0
2018-08-06,328.3
2018-08-07,329.2
2018-08-08,316.0
2018-08-09,329.4
2018-08-10,330.6
2018-08-13,331.6
2018-08-14,330.3
2018-08-15,332.2
2018-08-16,342.8
2018-08-17,336.3
2018-08-20,336.3
2018-08-21,335.0
2018-08-22,334.3
2018-08-23,330.1
2018-08-24,330.3
2018-08-27,338.5
2018-08-28,335.5
2018-08-29,341.2
2018-08-30,338.8
2018-08-31,335.8
2018-09-03,339.9
2018-09-04,337.2
2018-09-05,332.5
2018-09-06,331.3
2018-09-07,327.8
2018-09-10,334.1
2018-09-11,324.3
2018-09-12,323.0
2018-09-13,323.1
2018-09-14,328.7
2018-09-17,331.8
2018-09-18,332.2
2018-09-19,333.4
2018-09-20,334.7
2018-09-21,335.0
2018-09-24,343.4
2018-09-25,348.8
2018-09-26,356.0
2018-09-27,358.2
2018-09-28,370.7
2018-10-01,368.6
2018-10-02,367.0
2018-10-03,377.6
2018-10-04,383.8
2018-10-05,385.5
2018-10-08,384.9
2018-10-09,395.4
2018-10-10,390.8
2018-10-11,377.7
2018-10-12,386.5
2018-10-15,394.2
2018-10-16,395.6
2018-10-17,383.7
2018-10-18,372.0
2018-10-19,366.0
2018-10-22,367.3
2018-10-23,365.1
2018-10-24,379.0
2018-10-25,372.1
2018-10-26,369.8
2018-10-29,373.3
2018-10-30,378.5
2018-10-31,385.0
2018-11-01,386.5
2018-11-02,387.0
2018-11-06,386.0
2018-11-07,386.0
2018-11-08,389.5
2018-11-09,377.0
2018-11-12,377.0
2018-11-13,375.0
2018-11-14,372.2
2018-11-15,373.5
2018-11-16,377.0
2018-11-19,370.6
2018-11-20,361.8
2018-11-21,363.9
2018-11-22,362.8
2018-11-23,351.0
2018-11-26,345.5
2018-11-27,357.6
2018-11-28,364.1
2018-11-29,359.1
2018-11-30,363.2
2018-12-03,378.2
2018-12-04,385.0
2018-12-05,382.1
2018-12-06,380.0
2018-12-07,382.0
2018-12-10,371.0
2018-12-11,366.7
2018-12-12,365.6
2018-12-13,363.8
2018-12-14,362.8
2018-12-17,363.1
2018-12-18,354.2
2018-12-19,350.7
2018-12-20,350.0
2018-12-21,353.0
2018-12-24,355.4
2018-12-25,351.5
2018-12-26,359.5
2018-12-27,344.0
2018-12-28,344.1
2018-12-29,346.7
2019-01-03,345.8
2019-01-04,348.5
2019-01-08,348.8
2019-01-09,352.0
2019-01-10,354.8
2019-01-11,357.7
2019-01-14,355.7
2019-01-15,355.4
2019-01-16,351.0
2019-01-17,345.0
2019-01-18,346.0
2019-01-21,344.0
2019-01-22,344.2
2019-01-23,349.3
2019-01-24,344.9
2019-01-25,343.0
2019-01-28,340.6
2019-01-29,340.6
2019-01-30,345.5
2019-01-31,342.0
2019-02-01,345.45
2019-02-04,345.15
2019-02-05,345.7
2019-02-06,345.7
2019-02-07,341.95
2019-02-08,341.2
2019-02-11,341.2
2019-02-12,341.0
2019-02-13,339.0
2019-02-14,343.0
2019-02-15,343.4
2019-02-18,343.15
2019-02-19,337.75
2019-02-20,336.8
2019-02-21,335.45
2019-02-22,335.9
2019-02-25,334.85
2019-02-26,331.25
2019-02-27,327.6
2019-02-28,327.9
2019-03-01,331.0
2019-03-04,334.0
2019-03-05,332.0
2019-03-06,332.0
2019-03-07,329.9
2019-03-11,325.0
2019-03-12,323.15
2019-03-13,322.5
2019-03-14,318.5
2019-03-15,313.8
2019-03-18,318.95
2019-03-19,323.7
2019-03-20,327.75
2019-03-21,332.55
2019-03-22,324.1
2019-03-25,322.55
2019-03-26,322.85
2019-03-27,322.45
2019-03-28,319.65
2019-03-29,324.25
2019-04-01,324.65
2019-04-02,325.75
2019-04-03,325.85
2019-04-04,324.0
2019-04-05,325.75
2019-04-08,336.75
2019-04-09,340.7
2019-04-10,345.65
2019-04-11,338.5
2019-04-12,345.2
2019-04-15,346.8
2019-04-16,348.35
2019-04-17,349.45
2019-04-18,348.4
2019-04-19,348.7
2019-04-22,354.0
2019-04-23,361.45
2019-04-24,360.0
2019-04-25,365.0
2019-04-26,363.8
2019-04-29,362.9
2019-04-30,360.0
2019-05-02,361.7
2019-05-03,362.7
2019-05-06,359.3
2019-05-07,356.9
2019-05-08,355.05
2019-05-10,349.8
2019-05-13,345.25
2019-05-14,350.0
2019-05-15,348.0
2019-05-16,351.8
2019-05-17,349.95
2019-05-20,351.7
2019-05-21,367.0
2019-05-22,380.0
2019-05-23,376.0
2019-05-24,375.0
2019-05-27,374.7
2019-05-28,368.0
2019-05-29,370.5
2019-05-30,374.0
2019-05-31,372.6
2019-06-03,370.4
2019-06-04,367.0
2019-06-05,368.3
2019-06-06,369.5
2019-06-07,369.45
2019-06-10,368.1
2019-06-11,379.0
2019-06-13,392.3
2019-06-14,398.0
2019-06-17,400.1
2019-06-18,402.2
2019-06-19,403.35
2019-06-20,402.0
2019-06-21,404.9
2019-06-24,402.1
2019-06-25,399.05
2019-06-26,401.65
2019-06-27,403.9
2019-06-28,400.95
2019-07-01,403.4
2019-07-02,411.0
2019-07-03,412.05
2019-07-04,412.1
2019-07-05,414.0
2019-07-08,409.9
2019-07-09,413.3
2019-07-10,416.25
2019-07-11,414.9
2019-07-12,411.0
2019-07-15,412.9
2019-07-16,409.95
2019-07-17,408.0
2019-07-18,403.25
2019-07-19,402.0
2019-07-22,402.6
2019-07-23,404.65
2019-07-24,408.45
2019-07-25,411.55
2019-07-26,415.0
2019-07-29,415.15
2019-07-30,418.1
2019-07-31,426.55
2019-08-01,435.95
2019-08-02,424.4
2019-08-05,418.15
2019-08-06,421.2
2019-08-07,422.0
2019-08-08,422.0
2019-08-09,422.5
2019-08-12,425.35
2019-08-13,422.6
2019-08-14,422.55
2019-08-15,419.2
2019-08-16,414.0
2019-08-19,415.65
2019-08-20,416.5
2019-08-21,420.2
2019-08-22,414.2
2019-08-23,418.7
2019-08-26,419.6
2019-08-27,417.4
2019-08-28,417.0
2019-08-29,418.2
2019-08-30,412.5
2019-09-02,414.5
2019-09-03,407.4
2019-09-04,408.7
2019-09-05,413.8
2019-09-06,409.9
2019-09-09,410.2
2019-09-10,411.0
2019-09-11,413.4
2019-09-12,416.5
2019-09-13,413.95
2019-09-16,427.3
2019-09-17,423.0
2019-09-18,419.1
2019-09-19,415.3
2019-09-20,416.1
2019-09-23,415.05
2019-09-24,418.1
2019-09-25,418.0
2019-09-26,421.0
2019-09-27,423.0
2019-09-30,423.75
2019-10-01,423.1
2019-10-02,418.75
2019-10-03,415.6
2019-10-04,413.65
2019-10-07,417.5
2019-10-08,414.9
2019-10-09,416.8
2019-10-10,419.0
2019-10-11,422.0
2019-10-14,425.9
2019-10-15,424.9
2019-10-16,428.2
2019-10-17,418.0
2019-10-18,415.0
2019-10-21,414.3
2019-10-22,415.2
2019-10-23,415.0
2019-10-24,416.65
2019-10-25,417.45
2019-10-28,417.45
2019-10-29,416.85
2019-10-30,413.45
2019-10-31,415.0
2019-11-01,416.6
2019-11-05,420.9
2019-11-06,421.8
2019-11-07,421.55
2019-11-08,420.0
2019-11-11,423.0
2019-11-12,422.1
2019-11-13,419.35
2019-11-14,417.0
2019-11-15,420.8
2019-11-18,423.0
2019-11-19,425.1
2019-11-20,423.35
2019-11-21,424.75
2019-11-22,424.9
2019-11-25,426.2
2019-11-26,424.2
2019-11-27,422.0
2019-11-28,417.1
2019-11-29,418.6
2019-12-02,421.0
2019-12-03,415.0
2019-12-04,416.7
2019-12-05,416.6
2019-12-06,418.5
2019-12-09,419.1
2019-12-10,417.2
2019-12-11,421.0
2019-12-12,422.5
2019-12-13,421.85
2019-12-16,423.5
2019-12-17,423.4
2019-12-18,423.3
2019-12-19,424.1
2019-12-20,422.95
2019-12-23,422.0
2019-12-24,418.8
2019-12-25,420.0
2019-12-26,420.85
2019-12-27,421.8
2019-12-30,420.15
2020-01-03,425.7
2020-01-06,426.65
2020-01-08,432.0
2020-01-09,432.55
2020-01-10,446.6
2020-01-13,465.1
2020-01-14,457.6
2020-01-15,458.65
2020-01-16,465.45
2020-01-17,467.75
2020-01-20,470.0
2020-01-21,463.0
2020-01-22,456.25
2020-01-23,450.0
2020-01-24,454.0
2020-01-27,444.0
2020-01-28,455.15
2020-01-29,457.4
2020-01-30,454.15
2020-01-31,446.45
2020-02-03,442.8
2020-02-04,445.75
2020-02-05,455.25
2020-02-06,450.15
2020-02-07,444.5
2020-02-10,440.0
2020-02-11,455.0
2020-02-12,465.0
2020-02-13,460.8
2020-02-14,459.1
2020-02-17,458.7
2020-02-18,451.05
2020-02-19,454.7
2020-02-20,459.0
2020-02-21,456.8
2020-02-25,442.5
2020-02-26,439.3
2020-02-27,430.6
2020-02-28,395.85
2020-03-02,398.7
2020-03-03,407.15
2020-03-04,404.55
2020-03-05,401.6
2020-03-06,375.05
2020-03-10,324.0
2020-03-11,317.75
2020-03-12,285.9
2020-03-13,286.6
2020-03-16,264.0
2020-03-17,252.0
2020-03-18,240.0
2020-03-19,269.0
2020-03-20,281.4
2020-03-23,265.5
2020-03-24,280.0
2020-03-25,291.5
2020-03-26,297.7
2020-03-27,290.0
2020-03-30,287.05
2020-03-31,305.0
2020-04-01,300.7
2020-04-02,315.5
2020-04-03,333.1
2020-04-06,339.4
2020-04-07,336.8
2020-04-08,338.9
2020-04-09,341.65
2020-04-10,337.0
2020-04-13,332.1
2020-04-14,325.0
2020-04-15,308.2
2020-04-16,304.0
2020-04-17,310.1
2020-04-20,310.0
2020-04-21,303.95
2020-04-22,316.0
2020-04-23,319.2
2020-04-24,314.35
2020-04-27,316.0
2020-04-28,321.95
2020-04-29,330.35
2020-04-30,335.45
2020-05-04,329.55
2020-05-05,334.15
2020-05-06,331.05
2020-05-07,329.85
2020-05-08,331.9
2020-05-12,328.3
2020-05-13,322.3
2020-05-14,316.65
2020-05-15,320.2
2020-05-18,329.95
2020-05-19,328.05
2020-05-20,333.3
2020-05-21,328.75
2020-05-22,327.45
2020-05-25,332.85
2020-05-26,334.0
2020-05-27,334.0
2020-05-28,336.0
2020-05-29,333.0
2020-06-01,337.5
2020-06-02,345.0
2020-06-03,352.4
2020-06-04,345.0
2020-06-05,351.75
2020-06-08,358.0
2020-06-09,358.2
2020-06-10,357.5
2020-06-11,348.8
2020-06-15,350.85
2020-06-16,355.5
2020-06-17,354.05
2020-06-18,351.9
2020-06-19,355.3
2020-06-22,354.9
2020-06-23,354.1
2020-06-25,338.85
2020-06-26,337.0
2020-06-29,335.55
2020-06-30,332.55
2020-07-02,333.2
2020-07-03,334.0
2020-07-06,334.8
2020-07-07,330.55
2020-07-08,327.9
2020-07-09,322.65
2020-07-10,324.6
2020-07-13,325.0
2020-07-14,321.35
2020-07-15,317.1
2020-07-16,316.65
2020-07-17,317.15
2020-07-20,317.5
2020-07-21,318.0
2020-07-22,321.8
2020-07-23,322.85
2020-07-24,323.3
2020-07-27,323.1
2020-07-28,324.85
2020-07-29,325.5
2020-07-30,320.5
2020-07-31,320.8
2020-08-03,318.75
2020-08-04,319.1
2020-08-05,322.8
2020-08-06,320.5
2020-08-07,321.3
2020-08-10,322.3
2020-08-11,325.0
2020-08-12,328.75
2020-08-13,331.0
2020-08-14,329.7
2020-08-17,327.45
2020-08-18,326.55
2020-08-19,325.5
2020-08-20,319.55
2020-08-21,319.1
2020-08-24,320.15
2020-08-25,319.5
2020-08-26,320.7
2020-08-27,320.0
2020-08-28,317.55
2020-08-31,317.95
2020-09-01,317.95
2020-09-02,313.25
2020-09-03,313.35
2020-09-04,314.0
2020-09-07,313.4
2020-09-08,305.3
2020-09-09,304.4
2020-09-10,306.05
2020-09-11,307.15
2020-09-14,310.35
2020-09-15,316.6
2020-09-16,314.5
2020-09-17,305.7
2020-09-18,304.95
2020-09-21,295.6
2020-09-22,295.4
2020-09-23,292.35
2020-09-24,289.65
2020-09-25,292.2
2020-09-28,298.5
2020-09-29,293.6
2020-09-30,294.85
2020-10-01,293.0
2020-10-02,289.2
2020-10-05,291.7
2020-10-06,297.0
2020-10-07,288.25
2020-10-08,283.05
2020-10-09,286.05
2020-10-12,286.3
2020-10-13,283.95
2020-10-14,282.25
2020-10-15,278.1
2020-10-16,276.55
2020-10-19,273.5
2020-10-20,277.05
2020-10-21,278.9
2020-10-22,283.2
2020-10-23,284.65
2020-10-26,280.85
2020-10-27,277.0
2020-10-28,272.5
2020-10-29,273.0
2020-10-30,273.45
2020-11-02,274.0
2020-11-03,284.0
2020-11-05,289.0
2020-11-06,288.1
2020-11-09,299.0
2020-11-10,302.8
2020-11-11,308.6
2020-11-12,307.25
2020-11-13,308.9
2020-11-16,314.7
2020-11-17,311.55
2020-11-18,316.0
2020-11-19,314.6
2020-11-20,315.35
2020-11-23,316.6
2020-11-24,320.0
2020-11-25,325.5
2020-11-26,322.5
2020-11-27,322.45
2020-11-30,315.8
2020-12-01,323.2
2020-12-02,323.55
2020-12-03,319.45
2020-12-04,322.8
2020-12-07,323.5
2020-12-08,322.15
2020-12-09,322.35
2020-12-10,324.55
2020-12-11,328.0
2020-12-14,325.5
2020-12-15,326.45
2020-12-16,327.8
2020-12-17,328.0
2020-12-18,324.4
2020-12-21,312.8
2020-12-22,315.75
2020-12-23,318.05
2020-12-24,319.1
2020-12-25,319.0
2020-12-28,316.9
2020-12-29,317.15
2020-12-30,316.95
2021-01-04,322.75
2021-01-05,323.9
2021-01-06,326.7
2021-01-08,337.0
2021-01-11,334.3
2021-01-12,334.3
2021-01-13,333.75
2021-01-14,342.1
2021-01-15,341.35
2021-01-18,339.8
2021-01-19,337.3
2021-01-20,338.7
2021-01-21,332.3
2021-01-22,323.5
2021-01-25,325.2
2021-01-26,325.85
2021-01-27,322.0
2021-01-28,322.2
2021-01-29,315.7
2021-02-01,315.0
2021-02-02,320.75
2021-02-03,318.5
2021-02-04,325.85
2021-02-05,334.95
2021-02-08,343.1
2021-02-09,339.5
2021-02-10,333.0
2021-02-11,331.3
2021-02-12,339.0
2021-02-15,344.2
2021-02-16,346.6
2021-02-17,347.65
2021-02-18,338.1
2021-02-19,338.2
2021-02-20,340.0
2021-02-22,340.35
2021-02-24,344.0
2021-02-25,348.95
2021-02-26,339.0
2021-03-01,343.8
2021-03-02,346.7
2021-03-03,343.95
2021-03-04,346.9
2021-03-05,359.3
2021-03-09,377.0
2021-03-10,372.4
2021-03-11,378.35
2021-03-12,381.5
2021-03-15,384.5
2021-03-16,382.8
2021-03-17,373.5
2021-03-18,369.3
2021-03-19,369.15
2021-03-22,372.25
2021-03-23,367.5
2021-03-24,370.45
2021-03-25,365.2
2021-03-26,371.0
2021-03-29,372.15
2021-03-30,377.2
2021-03-31,370.0
2021-04-01,368.15
2021-04-02,371.65
2021-04-05,371.85
2021-04-06,365.55
2021-04-07,362.5
2021-04-08,364.0
2021-04-09,355.2
2021-04-12,357.0
2021-04-13,354.05
2021-04-14,359.0
2021-04-15,354.0
2021-04-16,358.0
2021-04-19,352.85
2021-04-20,354.5
2021-04-21,361.55
2021-04-22,358.0
2021-04-23,364.45
2021-04-26,365.5
2021-04-27,363.0
2021-04-28,356.9
2021-04-29,363.25
2021-04-30,361.2
2021-05-04,365.0
2021-05-05,368.6
2021-05-06,370.5
2021-05-07,374.25
2021-05-10,373.05
2021-05-11,367.2
2021-05-12,370.5
2021-05-13,370.0
2021-05-14,373.1
2021-05-17,373.2
2021-05-18,377.0
2021-05-19,366.3
2021-05-20,365.7
2021-05-21,373.5
2021-05-24,378.0
2021-05-25,377.45
2021-05-26,382.55
2021-05-27,379.35
2021-05-28,379.05
2021-05-31,383.35
2021-06-01,393.05
2021-06-02,399.9
2021-06-03,406.65
2021-06-04,412.3
2021-06-07,415.05
2021-06-08,406.55
2021-06-09,409.0
2021-06-10,410.25
2021-06-11,410.0
2021-06-14,415.0
2021-06-15,416.1
2021-06-16,424.0
2021-06-17,425.7
2021-06-18,420.8
2021-06-21,422.3
2021-06-22,435.75
2021-06-23,435.5
2021-06-24,430.65
2021-06-25,430.05
2021-06-28,430.0
2021-06-29,424.75
2021-06-30,434.0
2021-07-01,442.9
2021-07-02,447.1
2021-07-05,443.9
2021-07-06,449.9
2021-07-07,450.0
2021-07-08,440.05
2021-07-09,440.0
2021-07-12,435.05
2021-07-13,436.0
2021-07-14,439.5
2021-07-15,433.9
2021-07-16,428.4
2021-07-19,414.75
2021-07-20,421.45
2021-07-21,420.25
2021-07-22,423.0
2021-07-23,421.8
2021-07-26,421.0
2021-07-27,422.7
2021-07-28,426.2
2021-07-29,428.45
2021-07-30,425.35
2021-08-02,422.35
2021-08-03,426.0
2021-08-04,424.45
2021-08-05,421.65
2021-08-06,427.4
2021-08-09,421.15
2021-08-10,425.7
2021-08-11,429.8
2021-08-12,429.55
2021-08-13,426.65
2021-08-16,428.8
2021-08-17,426.5
2021-08-18,427.2
2021-08-19,415.8
2021-08-20,417.8
2021-08-23,425.5
2021-08-24,423.9
2021-08-25,428.05
2021-08-26,420.7
2021-08-27,425.45
2021-08-30,429.45
2021-08-31,426.1
2021-09-01,430.0
2021-09-02,431.7
2021-09-03,438.1
2021-09-06,437.2
2021-09-07,430.65
2021-09-08,430.3
2021-09-09,430.7
2021-09-10,427.3
2021-09-13,436.4
2021-09-14,440.0
2021-09-15,458.1
2021-09-16,452.15
2021-09-17,454.5
2021-09-20,446.15
2021-09-21,446.95
2021-09-22,455.75
2021-09-23,462.5
2021-09-24,463.5
2021-09-27,473.25
2021-09-28,477.55
2021-09-29,481.3
2021-09-30,473.0
2021-10-01,477.0
2021-10-04,496.6
2021-10-05,522.45
2021-10-06,510.45
2021-10-07,515.0
2021-10-08,514.0
2021-10-11,515.95
2021-10-12,513.6
2021-10-13,508.5
2021-10-14,505.95
2021-10-15,519.0
2021-10-18,525.0
2021-10-19,516.25
2021-10-20,520.5
2021-10-21,518.75
2021-10-22,513.8
2021-10-25,518.5
2021-10-26,519.15
2021-10-27,514.7
2021-10-28,513.1
2021-10-29,505.0
2021-11-01,510.1
2021-11-02,503.05
2021-11-03,490.85
2021-11-05,498.3
2021-11-08,502.85
2021-11-09,492.0
2021-11-10,501.5
2021-11-11,501.35
2021-11-12,500.0
2021-11-15,515.1
2021-11-16,519.15
2021-11-17,525.65
2021-11-18,518.85
2021-11-19,501.1
2021-11-22,491.5
2021-11-23,509.5
2021-11-24,505.45
2021-11-25,503.95
2021-11-26,491.9
2021-11-29,500.25
2021-11-30,498.0
2021-12-01,515.0
2021-12-02,518.25
2021-12-03,526.0
2021-12-06,522.95
2021-12-07,525.5
2021-12-08,522.8
2021-12-09,523.2
2021-12-10,518.9
2021-12-13,512.1
2021-12-14,509.0
2021-12-15,520.0
2021-12-16,535.85
2021-12-17,534.4
2021-12-20,535.4
2021-12-21,543.9
2021-12-22,545.95
2021-12-23,551.5
2021-12-24,562.0
2021-12-27,526.25
2021-12-28,540.7
2021-12-29,539.0
2021-12-30,544.8
2022-01-03,536.5
2022-01-04,545.05
2022-01-05,540.5
2022-01-06,537.9
2022-01-10,534.5
2022-01-11,537.05
2022-01-12,540.35
2022-01-13,535.3
2022-01-14,526.25
2022-01-17,522.7
2022-01-18,503.0
2022-01-19,499.95
2022-01-20,510.0
2022-01-21,501.6
2022-01-24,477.6
2022-01-25,480.15
2022-01-26,487.7
2022-01-27,506.9
2022-01-28,505.8
2022-01-31,500.25
2022-02-01,510.8
2022-02-02,512.05
2022-02-03,502.0
2022-02-04,500.5
2022-02-07,507.65
2022-02-08,515.6
2022-02-09,520.9
2022-02-10,532.3
2022-02-11,531.3
2022-02-14,504.85
2022-02-15,521.15
2022-02-16,525.15
2022-02-17,511.0
2022-02-18,505.35
2022-02-21,453.15
2022-02-22,477.4
2022-02-24,350.0
2022-02-25,400.45
2022-03-24,
2022-03-25,
2022-03-28,389.0
2022-03-29,398.0
2022-03-30,422.0
2022-03-31,447.9
2022-04-01,431.7
2022-04-04,434.0
2022-04-05,412.55
2022-04-06,430.05
2022-04-07,430.1
2022-04-08,437.3
2022-04-11,424.0
2022-04-12,428.1
2022-04-13,425.0
2022-04-14,404.55
2022-04-15,423.95
2022-04-18,403.1
2022-04-19,384.8
2022-04-20,401.75
2022-04-21,384.7
2022-04-22,388.65
2022-04-25,379.45
2022-04-26,399.6
2022-04-27,402.5
2022-04-28,408.8
2022-04-29,417.0
2022-05-04,408.9
2022-05-05,408.0
2022-05-06,394.7
2022-05-11,396.9
2022-05-12,383.05
2022-05-13,380.0
2022-05-16,394.75
2022-05-17,398.05
2022-05-18,430.0
2022-05-19,418.0
2022-05-20,407.0
2022-05-23,399.5
2022-05-24,395.45
2022-05-25,397.7
2022-05-26,401.65
2022-05-27,414.55
2022-05-30,420.2
2022-05-31,419.45
2022-06-01,411.7
2022-06-02,410.1
2022-06-03,412.0
2022-06-06,409.7
2022-06-07,408.7
2022-06-08,430.0
2022-06-09,432.1
2022-06-10,427.5
2022-06-14,434.65
2022-06-15,431.2
2022-06-16,443.0
2022-06-17,444.0
2022-06-20,452.5
2022-06-21,444.05
2022-06-22,426.25
2022-06-23,416.0
2022-06-24,419.75
2022-06-27,426.9
2022-06-28,414.5
2022-06-29,411.05
2022-06-30,396.2
2022-07-01,395.05
2022-07-04,400.85
2022-07-05,397.0
2022-07-06,397.35
2022-07-07,387.95
2022-07-08,390.3
2022-07-11,385.3
2022-07-12,382.0
2022-07-13,369.6
2022-07-14,365.0
2022-07-15,380.0
2022-07-18,370.1
2022-07-19,367.7
2022-07-20,371.0
2022-07-21,357.95
2022-07-22,364.0
2022-07-25,361.05
2022-07-26,381.4
2022-07-27,386.0
2022-07-28,385.0
2022-07-29,381.95
2022-08-01,383.0
2022-08-02,386.0
2022-08-03,383.7
2022-08-04,378.0
2022-08-05,373.0
2022-08-08,375.0
2022-08-09,381.0
2022-08-10,388.95
2022-08-11,387.05
2022-08-12,382.7
2022-08-15,389.9
2022-08-16,398.2
2022-08-17,394.6
2022-08-18,400.5
2022-08-19,403.8
2022-08-22,407.95
2022-08-23,406.7
2022-08-24,403.9
2022-08-25,400.1
2022-08-26,407.95
2022-08-29,407.5
2022-08-30,406.5
2022-08-31,420.05
2022-09-01,412.1
2022-09-02,423.05
2022-09-05,437.0
2022-09-06,433.0
2022-09-07,423.0
2022-09-08,426.85
2022-09-09,429.15
2022-09-12,433.9
2022-09-13,433.2
2022-09-14,428.85
2022-09-15,439.95
2022-09-16,436.7
2022-09-19,430.0
2022-09-20,394.9
2022-09-21,371.0
2022-09-22,385.5
2022-09-23,365.1
2022-09-26,345.5
2022-09-27,340.0
2022-09-28,345.95
2022-09-29,335.55
2022-09-30,338.8
2022-10-03,362.5
2022-10-04,362.0
2022-10-05,358.55
2022-10-06,368.0
2022-10-07,350.65
2022-10-10,359.2
2022-10-11,363.8
2022-10-12,365.25
2022-10-13,376.3
2022-10-14,377.85
2022-10-17,387.55
2022-10-18,388.9
2022-10-19,385.0
2022-10-20,390.0
2022-10-21,396.15
2022-10-24,406.3
2022-10-25,416.45
2022-10-26,415.0
2022-10-27,420.2
2022-10-28,430.5
2022-10-31,430.5
2022-11-01,437.1
2022-11-02,441.5
2022-11-03,445.95
2022-11-07,448.4
2022-11-08,446.0
2022-11-09,437.05
2022-11-10,445.3
2022-11-11,455.55
2022-11-14,458.2
2022-11-15,448.5
2022-11-16,463.05
2022-11-17,460.0
2022-11-18,459.45
2022-11-21,450.0
2022-11-22,460.0
2022-11-23,464.0
2022-11-24,464.3
2022-11-25,465.5
2022-11-28,465.0
2022-11-29,465.3
2022-11-30,467.7
2022-12-01,469.0
2022-12-02,469.45
2022-12-05,475.5
2022-12-06,479.9
2022-12-07,477.5
2022-12-08,475.25
2022-12-09,471.35
2022-12-12,475.0
2022-12-13,472.8
2022-12-14,465.35
2022-12-15,463.25
2022-12-16,464.95
2022-12-19,461.0
2022-12-20,474.9
2022-12-21,482.5
2022-12-22,491.85
2022-12-23,496.1
2022-12-26,505.0
2022-12-27,503.4
2022-12-28,514.8
2022-12-29,459.75
2022-12-30,459.5
2023-01-03,456.9
2023-01-04,456.2
2023-01-05,455.0
2023-01-06,454.55
2023-01-09,454.65
2023-01-10,454.5
2023-01-11,455.45
2023-01-12,453.65
2023-01-13,452.6
2023-01-16,452.05
2023-01-17,446.5
2023-01-18,446.85
2023-01-19,442.55
2023-01-20,436.0
2023-01-23,445.5
2023-01-24,441.6
2023-01-25,444.3
2023-01-26,448.5
2023-01-27,447.0
2023-01-30,444.75
2023-01-31,441.0
2023-02-01,442.0
2023-02-02,442.9
2023-02-03,440.55
2023-02-06,440.9
2023-02-07,442.75
2023-02-08,442.65
2023-02-09,438.5
2023-02-10,430.6
2023-02-13,431.05
2023-02-14,417.5
2023-02-15,415.0
2023-02-16,415.0
2023-02-17,421.2
2023-02-20,419.3
2023-02-21,420.9
2023-02-22,413.5
2023-02-24,409.2
2023-02-27,416.7
2023-02-28,425.85
2023-03-01,432.4
2023-03-02,422.7
2023-03-03,429.0
2023-03-06,434.5
2023-03-07,437.55
2023-03-09,439.7
2023-03-10,441.3
2023-03-13,438.9
2023-03-14,439.55
2023-03-15,437.65
2023-03-16,444.0
2023-03-17,453.0
2023-03-20,460.35
2023-03-21,455.4
2023-03-22,450.85
2023-03-23,456.85
2023-03-24,459.85
2023-03-27,468.15
2023-03-28,467.0
2023-03-29,470.65
2023-03-30,477.0
2023-03-31,475.15
2023-04-03,488.15
2023-04-04,481.15
2023-04-05,485.65
2023-04-06,482.0
2023-04-07,486.6
2023-04-10,489.2
2023-04-11,482.9
2023-04-12,486.3
2023-04-13,485.2
2023-04-14,493.55
2023-04-17,498.45
2023-04-18,498.8
2023-04-19,496.75
2023-04-20,499.0
2023-04-21,505.4
2023-04-24,508.5
2023-04-25,506.0
2023-04-26,505.05
2023-04-27,506.95
2023-04-28,501.1
2023-05-02,489.35
2023-05-03,472.0
2023-05-04,470.9
2023-05-05,476.0
2023-05-08,475.95
2023-05-10,494.35
2023-05-11,497.8
2023-05-12,498.9
2023-05-15,512.05
2023-05-16,520.45
2023-05-17,519.15
2023-05-18,548.35
2023-05-19,550.0
2023-05-22,540.3
2023-05-23,512.7
2023-05-24,515.65
2023-05-25,518.8
2023-05-26,512.4
2023-05-29,517.0
2023-05-30,510.2
2023-05-31,515.2
2023-06-01,517.7
2023-06-02,518.45
2023-06-05,512.0
2023-06-06,515.9
2023-06-07,514.5
2023-06-08,514.55
2023-06-09,516.7
2023-06-13,527.7
2023-06-14,527.05
2023-06-15,529.55
2023-06-16,527.0
2023-06-19,524.85
2023-06-20,528.1
2023-06-21,533.5
2023-06-22,526.15
2023-06-23,513.95
2023-06-26,517.95
2023-06-27,523.15
2023-06-28,523.35
2023-06-29,526.6
2023-06-30,527.95
2023-07-03,523.55
2023-07-04,521.3
2023-07-05,518.85
2023-07-06,519.5
2023-07-07,518.3
2023-07-10,524.55
2023-07-11,530.15
2023-07-12,529.1
2023-07-13,525.25
2023-07-14,529.9
2023-07-17,530.0
2023-07-18,539.85
2023-07-19,539.6
2023-07-20,530.15
2023-07-21,534.3
2023-07-24,533.15
2023-07-25,541.2
2023-07-26,541.85
2023-07-27,545.8
2023-07-28,549.5
2023-07-31,574.25
2023-08-01,585.05
2023-08-02,582.65
2023-08-03,585.5
2023-08-04,579.9
2023-08-07,583.8
2023-08-08,588.05
2023-08-09,587.6
2023-08-10,614.0
2023-08-11,630.15
2023-08-14,638.0
2023-08-15,644.1
2023-08-16,635.0
2023-08-17,637.45
2023-08-18,643.9
2023-08-21,669.45
2023-08-22,668.9
2023-08-23,645.5
2023-08-24,652.4
2023-08-25,660.95
2023-08-28,661.1
2023-08-29,655.75
2023-08-30,652.95
2023-08-31,651.75
2023-09-01,661.4
2023-09-04,666.95
2023-09-05,671.25
2023-09-06,671.9
2023-09-07,657.4
2023-09-08,646.5
2023-09-11,652.0
2023-09-12,668.95
2023-09-13,662.35
2023-09-14,658.45
2023-09-15,677.85
2023-09-18,677.35
2023-09-19,664.35
2023-09-20,669.65
2023-09-21,647.45
2023-09-22,660.6
2023-09-25,660.45
2023-09-26,663.5
2023-09-27,670.95
2023-09-28,689.4
2023-09-29,717.4
2023-10-02,713.5
2023-10-03,723.95
2023-10-04,702.8
2023-10-05,712.0
2023-10-06,718.7
2023-10-09,733.9
2023-10-10,734.25
2023-10-11,727.0
2023-10-12,734.0
2023-10-13,747.45
2023-10-16,767.7
2023-10-17,766.0
2023-10-18,789.85
2023-10-19,798.0
2023-10-20,806.0
2023-10-23,795.15
2023-10-24,790.2
2023-10-25,796.2
2023-10-26,785.6
2023-10-27,799.9
2023-10-30,793.3
2023-10-31,797.3
2023-11-01,819.8
2023-11-02,813.0
2023-11-03,818.55
2023-11-06,825.7
2023-11-07,832.75
2023-11-08,815.95
2023-11-09,858.7
2023-11-10,857.4
2023-11-13,861.95
2023-11-14,855.1
2023-11-15,857.0
2023-11-16,841.1
2023-11-17,848.15
2023-11-20,854.8
2023-11-21,849.1
2023-11-22,860.7
2023-11-23,866.95
2023-11-24,870.2
2023-11-27,872.95
2023-11-28,871.3
2023-11-29,867.7
2023-11-30,875.1
2023-12-01,870.7
2023-12-04,861.1
2023-12-05,866.95
2023-12-06,861.8
2023-12-07,851.3
2023-12-08,857.0
2023-12-11,856.1
2023-12-12,846.4
2023-12-13,841.0
2023-12-14,826.85
2023-12-15,853.7
2023-12-18,874.7
2023-12-19,881.9
2023-12-20,908.5
2023-12-21,913.8
2023-12-22,912.3
2023-12-25,913.45
2023-12-26,934.25
2023-12-27,857.05
2023-12-28,839.95
2023-12-29,847.65
2024-01-03,848.1
2024-01-04,843.5
2024-01-05,842.6
2024-01-08,832.45
2024-01-09,836.6
2024-01-10,857.4
2024-01-11,853.8
2024-01-12,851.0
2024-01-15,852.9
2024-01-16,842.6
2024-01-17,854.3
2024-01-18,845.95
2024-01-19,844.0
2024-01-22,840.2
2024-01-23,831.8
2024-01-24,813.6
2024-01-25,807.75
2024-01-26,816.85
2024-01-29,823.8
2024-01-30,823.65
2024-01-31,817.5
2024-02-01,818.2
2024-02-02,818.0
2024-02-05,835.05
2024-02-06,837.4
2024-02-07,831.9
2024-02-08,828.25
2024-02-09,824.7
2024-02-12,828.45
2024-02-13,829.8
2024-02-14,821.6
2024-02-15,817.1
2024-02-16,816.7
2024-02-19,809.55
2024-02-20,809.1
2024-02-21,791.1
2024-02-22,790.2
2024-02-26,809.65
2024-02-27,801.05
2024-02-28,791.4
2024-02-29,800.5
2024-03-01,817.45
2024-03-04,826.25
2024-03-05,831.05
2024-03-06,826.2
2024-03-07,829.8
2024-03-11,830.7
2024-03-12,822.0
2024-03-13,815.85
2024-03-14,810.8
2024-03-15,811.9
2024-03-18,813.4
2024-03-19,778.25
2024-03-20,753.35
2024-03-21,754.6
2024-03-22,737.95
2024-03-25,746.4
2024-03-26,741.45
2024-03-27,729.1
2024-03-28,727.4
2024-03-29,741.8
2024-04-01,751.3
2024-04-02,756.9
2024-04-03,760.95
2024-04-04,776.6
2024-04-05,764.5
2024-04-08,762.45
2024-04-09,755.3
2024-04-10,774.75
2024-04-11,767.25
2024-04-12,772.05
2024-04-15,775.1
2024-04-16,786.8
2024-04-17,771.3
2024-04-18,762.65
2024-04-19,757.85
2024-04-22,753.0
2024-04-23,751.45
2024-04-24,750.95
2024-04-25,751.3
2024-04-26,750.0
2024-04-27,749.25
2024-04-29,750.4
2024-04-30,748.55
2024-05-02,745.8
2024-05-03,739.8
2024-05-06,735.6
2024-05-07,738.4
2024-05-08,748.9
2024-05-10,751.0
2024-05-13,747.8
2024-05-14,740.25
2024-05-15,757.6
2024-05-16,764.8
2024-05-17,762.8
2024-05-20,752.05
2024-05-21,751.8
2024-05-22,748.65
2024-05-23,742.85
2024-05-24,729.2
2024-05-27,710.55
2024-05-28,718.2
2024-05-29,707.1
2024-05-30,696.45
2024-05-31,676.15
2024-06-03,672.7
2024-06-04,674.15
2024-06-05,690.9
2024-06-06,705.0
2024-06-07,725.7
2024-06-10,717.8
2024-06-11,731.8
2024-06-13,738.4
2024-06-14,733.4
2024-06-17,726.05
2024-06-18,703.0
2024-06-19,696.7
2024-06-20,710.3
2024-06-21,699.2
2024-06-24,686.4
2024-06-25,703.2
2024-06-26,700.45
2024-06-27,698.75
2024-06-28,693.3
2024-07-01,705.0
2024-07-02,700.6
2024-07-03,695.1
2024-07-04,687.6
2024-07-05,689.0
2024-07-08,671.3
2024-07-09,656.8
2024-07-10,634.9
2024-07-11,652.0
2024-07-12,655.3
2024-07-15,642.0
2024-07-16,649.7
2024-07-17,652.9
2024-07-18,666.2
2024-07-19,683.0
2024-07-22,695.35
2024-07-23,691.9
2024-07-24,699.85
2024-07-25,705.35
2024-07-26,684.4
2024-07-29,671.4
2024-07-30,676.8
2024-07-31,684.85
2024-08-01,677.6
2024-08-02,677.0
2024-08-05,658.05
2024-08-06,672.65
2024-08-07,674.1
2024-08-08,672.0
2024-08-09,668.8
2024-08-12,680.0
2024-08-13,685.7
2024-08-14,682.55
2024-08-15,677.1
2024-08-16,671.4
2024-08-19,665.7
2024-08-20,654.65
2024-08-21,657.5
2024-08-22,644.45
2024-08-23,640.0
2024-08-26,676.4
2024-08-27,676.0
2024-08-28,675.35
2024-08-29,671.0
2024-08-30,656.2
2024-09-02,641.95
2024-09-03,640.9
2024-09-04,654.7
2024-09-05,659.55
2024-09-06,661.25
2024-09-09,672.0
2024-09-10,662.7
2024-09-11,662.0
2024-09-12,667.9
2024-09-13,675.5
2024-09-16,688.65
2024-09-17,706.0
2024-09-18,703.55
2024-09-19,704.9
2024-09-20,724.2
2024-09-23,730.5
2024-09-24,717.25
2024-09-25,708.0
2024-09-26,706.45
2024-09-27,708.3
2024-09-30,701.9
2024-10-01,707.55
2024-10-02,698.0
2024-10-03,700.2
2024-10-04,702.7
2024-10-07,700.45
2024-10-08,704.0
2024-10-09,702.0
2024-10-10,700.05
2024-10-11,697.15
2024-10-14,652.1
2024-10-15,646.4
2024-10-16,647.75
2024-10-17,635.65
2024-10-18,630.65
2024-10-21,629.6
2024-10-22,617.85
2024-10-23,602.5
2024-10-24,614.1
2024-10-25,594.8
2024-10-28,570.6
2024-10-29,576.05
2024-10-30,568.75
2024-10-31,559.6
2024-11-01,549.4
2024-11-02,548.35
2024-11-05,550.3
2024-11-06,553.55
2024-11-07,566.8
2024-11-08,577.1
2024-11-11,583.3
2024-11-12,577.6
2024-11-13,566.2
2024-11-14,560.9
2024-11-15,571.05
2024-11-18,558.4
2024-11-19,548.2
2024-11-20,535.05
2024-11-21,539.3
2024-11-22,531.8
2024-11-25,521.05
2024-11-26,527.0
2024-11-27,541.35
2024-11-28,542.15
2024-11-29,556.2
2024-12-02,564.5
2024-12-03,562.6
2024-12-04,539.5
2024-12-05,553.9
2024-12-06,559.25
