date,TATN
2005-01-11,39.15
2005-01-12,38.9
2005-01-13,38.6
2005-01-14,39.3
2005-01-17,40.6
2005-01-18,40.76
2005-01-19,41.63
2005-01-20,41.647
2005-01-21,41.349
2005-01-24,42.05
2005-01-25,42.38
2005-01-26,42.12
2005-01-27,42.533
2005-01-28,44.751
2005-01-31,44.55
2005-02-01,44.65
2005-02-02,45.3
2005-02-03,46.11
2005-02-04,46.003
2005-02-07,45.885
2005-02-08,46.7
2005-02-09,45.57
2005-02-10,45.2
2005-02-11,44.404
2005-02-14,43.65
2005-02-15,44.3
2005-02-16,44.6
2005-02-17,45.15
2005-02-18,45.5
2005-02-21,45.888
2005-02-22,45.8
2005-02-24,48.3
2005-02-25,49.21
2005-02-28,50.18
2005-03-01,48.6
2005-03-02,48.15
2005-03-03,48.818
2005-03-04,50.0
2005-03-05,50.69
2005-03-09,50.0
2005-03-10,48.5
2005-03-11,48.41
2005-03-14,48.29
2005-03-15,47.67
2005-03-16,46.05
2005-03-17,46.109
2005-03-18,45.41
2005-03-21,44.4
2005-03-22,45.48
2005-03-23,44.599
2005-03-24,46.1
2005-03-25,46.45
2005-03-28,46.57
2005-03-29,45.752
2005-03-30,44.59
2005-03-31,44.84
2005-04-01,46.501
2005-04-04,47.599
2005-04-05,48.28
2005-04-06,48.95
2005-04-07,49.398
2005-04-08,49.3
2005-04-11,47.5
2005-04-12,47.299
2005-04-13,46.7
2005-04-14,46.86
2005-04-15,46.7
2005-04-18,45.78
2005-04-19,46.9
2005-04-20,47.61
2005-04-21,48.3
2005-04-22,48.55
2005-04-25,48.5
2005-04-26,47.26
2005-04-27,46.25
2005-04-28,46.51
2005-04-29,46.55
2005-05-03,46.084
2005-05-04,46.327
2005-05-05,46.771
2005-05-06,46.64
2005-05-11,45.94
2005-05-12,44.6
2005-05-13,44.5
2005-05-14,44.7
2005-05-16,44.05
2005-05-17,46.7
2005-05-18,46.42
2005-05-19,46.3
2005-05-20,46.3
2005-05-23,45.39
2005-05-24,46.68
2005-05-25,46.2
2005-05-26,46.75
2005-05-27,47.0
2005-05-30,46.96
2005-05-31,48.25
2005-06-01,48.2
2005-06-02,49.1
2005-06-03,49.798
2005-06-06,50.38
2005-06-07,51.2
2005-06-08,52.695
2005-06-09,51.6
2005-06-10,51.4
2005-06-14,51.79
2005-06-15,51.543
2005-06-16,51.62
2005-06-17,52.1
2005-06-20,52.0
2005-06-21,51.277
2005-06-22,51.6
2005-06-23,51.45
2005-06-24,51.44
2005-06-27,51.2
2005-06-28,51.579
2005-06-29,51.898
2005-06-30,52.912
2005-07-01,53.99
2005-07-04,55.6
2005-07-05,55.397
2005-07-06,56.8
2005-07-07,57.651
2005-07-08,57.512
2005-07-11,56.878
2005-07-12,56.35
2005-07-13,57.24
2005-07-14,56.875
2005-07-15,56.0
2005-07-18,56.28
2005-07-19,56.6
2005-07-20,57.31
2005-07-21,56.553
2005-07-22,57.301
2005-07-25,58.8
2005-07-26,58.5
2005-07-27,58.4
2005-07-28,59.19
2005-07-29,59.09
2005-08-01,58.553
2005-08-02,59.19
2005-08-03,58.89
2005-08-04,59.201
2005-08-05,59.165
2005-08-08,59.401
2005-08-09,60.201
2005-08-10,60.5
2005-08-11,59.899
2005-08-12,59.8
2005-08-15,60.7
2005-08-16,67.275
2005-08-17,67.12
2005-08-18,65.91
2005-08-19,65.8
2005-08-22,66.4
2005-08-23,65.7
2005-08-24,65.5
2005-08-25,67.0
2005-08-26,67.2
2005-08-29,68.66
2005-08-30,71.004
2005-08-31,70.75
2005-09-01,70.899
2005-09-02,72.7
2005-09-05,72.71
2005-09-06,69.1
2005-09-07,68.0
2005-09-08,70.85
2005-09-09,73.938
2005-09-12,72.2
2005-09-13,71.499
2005-09-14,71.75
2005-09-15,73.21
2005-09-16,74.67
2005-09-19,77.77
2005-09-20,78.689
2005-09-21,81.103
2005-09-22,83.389
2005-09-23,82.651
2005-09-26,79.9
2005-09-27,83.8
2005-09-28,86.61
2005-09-29,85.5
2005-09-30,91.008
2005-10-03,102.91
2005-10-04,102.6
2005-10-05,93.7
2005-10-06,85.24
2005-10-07,84.956
2005-10-10,86.9
2005-10-11,89.9
2005-10-12,85.0
2005-10-13,83.102
2005-10-14,76.8
2005-10-17,79.299
2005-10-18,80.001
2005-10-19,76.2
2005-10-20,78.55
2005-10-21,82.5
2005-10-24,88.75
2005-10-25,87.4
2005-10-26,88.5
2005-10-27,86.05
2005-10-28,87.389
2005-10-31,91.7
2005-11-01,89.869
2005-11-02,94.45
2005-11-03,97.162
2005-11-07,94.0
2005-11-08,93.0
2005-11-09,92.74
2005-11-10,90.001
2005-11-11,91.5
2005-11-14,93.0
2005-11-15,91.45
2005-11-16,91.949
2005-11-17,97.929
2005-11-18,96.681
2005-11-21,96.29
2005-11-22,94.65
2005-11-23,95.13
2005-11-24,96.099
2005-11-25,97.6
2005-11-28,97.151
2005-11-29,97.33
2005-11-30,97.4
2005-12-01,99.46
2005-12-02,99.3
2005-12-05,100.12
2005-12-06,100.4
2005-12-07,100.8
2005-12-08,99.005
2005-12-09,100.65
2005-12-12,100.699
2005-12-13,99.76
2005-12-14,99.6
2005-12-15,100.4
2005-12-16,100.0
2005-12-19,98.311
2005-12-20,96.809
2005-12-21,97.414
2005-12-22,97.521
2005-12-23,96.157
2005-12-26,95.485
2005-12-27,95.001
2005-12-28,93.9
2005-12-29,94.25
2005-12-30,95.3
2006-01-10,102.999
2006-01-11,102.5
2006-01-12,105.4
2006-01-13,104.61
2006-01-16,107.799
2006-01-17,105.53
2006-01-18,104.5
2006-01-19,107.8
2006-01-20,112.994
2006-01-23,113.25
2006-01-24,114.999
2006-01-25,116.5
2006-01-26,115.5
2006-01-27,123.999
2006-01-30,122.79
2006-01-31,121.5
2006-02-01,123.99
2006-02-02,128.65
2006-02-03,125.25
2006-02-06,134.99
2006-02-07,133.53
2006-02-08,132.498
2006-02-09,138.2
2006-02-10,132.8
2006-02-13,128.0
2006-02-14,125.5
2006-02-15,132.39
2006-02-16,131.0
2006-02-17,135.8
2006-02-20,149.819
2006-02-21,143.39
2006-02-22,147.98
2006-02-26,156.6
2006-02-27,159.0
2006-02-28,159.0
2006-03-01,172.0
2006-03-02,175.771
2006-03-03,168.201
2006-03-06,166.98
2006-03-07,152.5
2006-03-09,152.799
2006-03-10,147.56
2006-03-13,154.0
2006-03-14,149.0
2006-03-15,148.3
2006-03-16,147.985
2006-03-17,154.333
2006-03-20,150.6
2006-03-21,145.8
2006-03-22,148.55
2006-03-23,151.2
2006-03-24,148.01
2006-03-27,147.6
2006-03-28,146.74
2006-03-29,142.3
2006-03-30,147.0
2006-03-31,147.99
2006-04-03,150.3
2006-04-04,148.32
2006-04-05,149.0
2006-04-06,151.59
2006-04-07,152.205
2006-04-10,153.079
2006-04-11,153.999
2006-04-12,154.0
2006-04-13,152.11
2006-04-14,153.62
2006-04-17,158.5
2006-04-18,162.5
2006-04-19,165.2
2006-04-20,164.699
2006-04-21,164.8
2006-04-24,167.0
2006-04-25,164.06
2006-04-26,163.78
2006-04-27,156.6
2006-04-28,158.7
2006-05-02,163.0
2006-05-03,161.5
2006-05-04,162.91
2006-05-05,161.55
2006-05-06,162.8
2006-05-10,161.5
2006-05-11,160.4
2006-05-12,156.2
2006-05-15,145.74
2006-05-16,138.9
2006-05-17,129.97
2006-05-18,124.99
2006-05-19,122.5
2006-05-22,112.0
2006-05-23,122.8
2006-05-24,116.5
2006-05-25,120.96
2006-05-26,123.92
2006-05-29,120.75
2006-05-30,121.7
2006-05-31,116.99
2006-06-01,119.16
2006-06-02,130.2
2006-06-05,133.52
2006-06-06,123.0
2006-06-07,120.1
2006-06-08,107.5
2006-06-09,111.5
2006-06-13,97.84
2006-06-14,101.5
2006-06-15,104.4
2006-06-16,102.65
2006-06-19,101.71
2006-06-20,103.84
2006-06-21,101.98
2006-06-22,100.0
2006-06-23,100.5
2006-06-26,94.99
2006-06-27,97.0
2006-06-28,96.5
2006-06-29,98.4
2006-06-30,105.3
2006-07-03,117.0
2006-07-04,120.0
2006-07-05,110.5
2006-07-06,117.3
2006-07-07,117.0
2006-07-10,116.5
2006-07-11,118.3
2006-07-12,121.5
2006-07-13,117.71
2006-07-14,117.0
2006-07-17,114.26
2006-07-18,115.64
2006-07-19,119.6
2006-07-20,123.19
2006-07-21,124.51
2006-07-24,126.9
2006-07-25,131.65
2006-07-26,134.7
2006-07-27,138.0
2006-07-28,135.17
2006-07-31,134.02
2006-08-01,133.0
2006-08-02,135.12
2006-08-03,138.46
2006-08-04,146.92
2006-08-07,145.6
2006-08-08,142.75
2006-08-09,146.0
2006-08-10,145.03
2006-08-11,149.9
2006-08-14,151.93
2006-08-15,155.85
2006-08-16,160.0
2006-08-17,158.26
2006-08-18,144.48
2006-08-21,146.4
2006-08-22,147.5
2006-08-23,151.0
2006-08-24,147.5
2006-08-25,148.7
2006-08-28,144.38
2006-08-29,141.2
2006-08-30,140.85
2006-08-31,140.6
2006-09-01,137.0
2006-09-04,137.95
2006-09-05,142.83
2006-09-06,136.86
2006-09-07,128.65
2006-09-08,127.9
2006-09-11,119.7
2006-09-12,122.35
2006-09-13,124.3
2006-09-14,126.0
2006-09-15,123.5
2006-09-18,124.14
2006-09-19,124.5
2006-09-20,121.5
2006-09-21,120.0
2006-09-22,114.2
2006-09-25,106.6
2006-09-26,110.5
2006-09-27,113.99
2006-09-28,116.41
2006-09-29,113.5
2006-10-02,115.47
2006-10-03,111.56
2006-10-04,112.8
2006-10-05,116.9
2006-10-06,116.78
2006-10-09,122.98
2006-10-10,121.99
2006-10-11,125.37
2006-10-12,124.55
2006-10-13,127.33
2006-10-16,127.7
2006-10-17,126.02
2006-10-18,128.15
2006-10-19,127.69
2006-10-20,124.65
2006-10-23,122.6
2006-10-24,122.3
2006-10-25,126.1
2006-10-26,125.88
2006-10-27,124.54
2006-10-30,120.99
2006-10-31,123.87
2006-11-01,125.0
2006-11-02,122.35
2006-11-03,123.3
2006-11-07,124.63
2006-11-08,123.34
2006-11-09,128.71
2006-11-10,129.85
2006-11-13,129.97
2006-11-14,129.35
2006-11-15,129.8
2006-11-16,131.95
2006-11-17,128.0
2006-11-20,125.25
2006-11-21,129.72
2006-11-22,128.45
2006-11-23,128.5
2006-11-24,129.8
2006-11-27,129.3
2006-11-28,129.15
2006-11-29,132.21
2006-11-30,129.0
2006-12-01,127.5
2006-12-04,127.19
2006-12-05,128.68
2006-12-06,129.74
2006-12-07,129.2
2006-12-08,129.49
2006-12-11,126.95
2006-12-12,126.1
2006-12-13,123.85
2006-12-14,124.1
2006-12-15,125.55
2006-12-18,124.22
2006-12-19,121.29
2006-12-20,122.2
2006-12-21,122.4
2006-12-22,123.4
2006-12-25,122.65
2006-12-26,122.63
2006-12-27,121.95
2006-12-28,122.04
2006-12-29,122.16
2007-01-09,111.54
2007-01-10,110.51
2007-01-11,112.16
2007-01-12,111.34
2007-01-15,115.97
2007-01-16,112.2
2007-01-17,110.75
2007-01-18,113.72
2007-01-19,115.98
2007-01-22,118.21
2007-01-23,115.4
2007-01-24,115.16
2007-01-25,116.33
2007-01-26,116.57
2007-01-29,114.4
2007-01-30,114.46
2007-01-31,115.39
2007-02-01,117.21
2007-02-02,116.0
2007-02-05,118.6
2007-02-06,119.43
2007-02-07,118.5
2007-02-08,114.92
2007-02-09,115.27
2007-02-12,111.0
2007-02-13,112.5
2007-02-14,112.69
2007-02-15,111.75
2007-02-16,112.2
2007-02-19,112.22
2007-02-20,110.25
2007-02-21,111.55
2007-02-22,117.7
2007-02-26,122.23
2007-02-27,118.6
2007-02-28,115.69
2007-03-01,110.5
2007-03-02,110.11
2007-03-05,103.85
2007-03-06,105.35
2007-03-07,107.18
2007-03-09,112.03
2007-03-12,111.2
2007-03-13,112.18
2007-03-14,105.61
2007-03-15,112.19
2007-03-16,113.78
2007-03-19,115.0
2007-03-20,112.98
2007-03-21,114.7
2007-03-22,116.6
2007-03-23,121.99
2007-03-26,121.91
2007-03-27,120.6
2007-03-28,123.0
2007-03-29,124.65
2007-03-30,121.93
2007-04-02,122.09
2007-04-03,119.13
2007-04-04,117.98
2007-04-05,122.0
2007-04-06,124.78
2007-04-09,124.82
2007-04-10,123.35
2007-04-11,124.45
2007-04-12,123.01
2007-04-13,126.75
2007-04-16,127.98
2007-04-17,126.61
2007-04-18,126.0
2007-04-19,124.73
2007-04-20,130.92
2007-04-23,129.8
2007-04-24,128.68
2007-04-25,128.25
2007-04-26,125.94
2007-04-27,121.41
2007-04-28,122.0
2007-05-02,120.0
2007-05-03,121.7
2007-05-04,123.5
2007-05-07,121.9
2007-05-08,122.77
2007-05-10,119.72
2007-05-11,118.73
2007-05-14,116.7
2007-05-15,113.0
2007-05-16,113.68
2007-05-17,113.2
2007-05-18,115.65
2007-05-21,116.55
2007-05-22,117.28
2007-05-23,114.37
2007-05-24,114.65
2007-05-25,113.98
2007-05-28,112.29
2007-05-29,111.95
2007-05-30,111.6
2007-05-31,114.31
2007-06-01,118.7
2007-06-04,116.22
2007-06-05,114.89
2007-06-06,117.0
2007-06-07,116.0
2007-06-08,115.3
2007-06-09,116.5
2007-06-13,118.73
2007-06-14,120.48
2007-06-15,121.38
2007-06-18,123.53
2007-06-19,124.02
2007-06-20,125.25
2007-06-21,123.0
2007-06-22,122.32
2007-06-25,120.0
2007-06-26,120.59
2007-06-27,119.03
2007-06-28,118.2
2007-06-29,118.0
2007-07-02,118.5
2007-07-03,122.9
2007-07-04,121.9
2007-07-05,124.96
2007-07-06,125.9
2007-07-09,129.2
2007-07-10,127.79
2007-07-11,127.47
2007-07-12,136.6
2007-07-13,137.53
2007-07-16,137.0
2007-07-17,136.0
2007-07-18,132.51
2007-07-19,138.46
2007-07-20,136.59
2007-07-23,138.0
2007-07-24,134.06
2007-07-25,135.3
2007-07-26,129.5
2007-07-27,127.12
2007-07-30,125.97
2007-07-31,127.88
2007-08-01,124.7
2007-08-02,126.46
2007-08-03,127.39
2007-08-06,124.75
2007-08-07,124.3
2007-08-08,127.95
2007-08-09,124.0
2007-08-10,122.49
2007-08-13,126.0
2007-08-14,127.09
2007-08-15,123.79
2007-08-16,121.62
2007-08-17,127.25
2007-08-20,124.3
2007-08-21,122.59
2007-08-22,124.29
2007-08-23,125.0
2007-08-24,124.99
2007-08-27,125.01
2007-08-28,126.01
2007-08-29,128.68
2007-08-30,126.4
2007-08-31,129.2
2007-09-03,128.15
2007-09-04,128.5
2007-09-05,128.01
2007-09-06,129.16
2007-09-07,124.33
2007-09-10,125.47
2007-09-11,125.7
2007-09-12,124.12
2007-09-13,126.6
2007-09-14,125.79
2007-09-17,125.6
2007-09-18,127.16
2007-09-19,129.71
2007-09-20,129.2
2007-09-21,131.11
2007-09-24,135.25
2007-09-25,134.02
2007-09-26,138.65
2007-09-27,139.19
2007-09-28,138.82
2007-10-01,134.3
2007-10-02,139.95
2007-10-03,140.0
2007-10-04,137.27
2007-10-05,138.5
2007-10-08,136.73
2007-10-09,139.29
2007-10-10,138.46
2007-10-11,143.25
2007-10-12,142.0
2007-10-15,143.42
2007-10-16,143.0
2007-10-17,143.4
2007-10-18,141.25
2007-10-19,140.15
2007-10-22,135.6
2007-10-23,136.95
2007-10-24,135.87
2007-10-25,140.3
2007-10-26,148.7
2007-10-29,152.1
2007-10-30,154.69
2007-10-31,152.5
2007-11-01,149.9
2007-11-02,151.69
2007-11-06,154.18
2007-11-07,152.01
2007-11-08,153.33
2007-11-09,150.2
2007-11-12,149.35
2007-11-13,145.67
2007-11-14,147.48
2007-11-15,145.75
2007-11-16,141.7
2007-11-19,138.95
2007-11-20,141.79
2007-11-21,139.98
2007-11-22,137.25
2007-11-23,137.79
2007-11-26,144.7
2007-11-27,141.78
2007-11-28,142.56
2007-11-29,143.2
2007-11-30,145.95
2007-12-03,144.8
2007-12-04,144.9
2007-12-05,151.06
2007-12-06,149.57
2007-12-07,150.23
2007-12-10,152.0
2007-12-11,150.27
2007-12-12,153.25
2007-12-13,150.7
2007-12-14,144.52
2007-12-17,142.55
2007-12-18,144.43
2007-12-19,143.2
2007-12-20,143.99
2007-12-21,143.12
2007-12-24,148.45
2007-12-25,147.2
2007-12-26,146.2
2007-12-27,147.63
2007-12-28,148.0
2008-01-09,154.6
2008-01-10,153.5
2008-01-11,154.22
2008-01-14,158.5
2008-01-15,157.44
2008-01-16,148.5
2008-01-17,147.29
2008-01-18,144.32
2008-01-21,130.3
2008-01-22,125.37
2008-01-23,118.0
2008-01-24,124.75
2008-01-25,131.0
2008-01-28,125.99
2008-01-29,127.12
2008-01-30,123.72
2008-01-31,118.6
2008-02-01,123.3
2008-02-04,124.28
2008-02-05,122.24
2008-02-06,123.71
2008-02-07,119.99
2008-02-08,118.68
2008-02-11,121.48
2008-02-12,125.2
2008-02-13,127.08
2008-02-14,131.1
2008-02-15,129.88
2008-02-18,132.36
2008-02-19,133.0
2008-02-20,135.34
2008-02-21,140.1
2008-02-22,140.0
2008-02-25,140.42
2008-02-26,142.42
2008-02-27,145.46
2008-02-28,149.75
2008-02-29,150.11
2008-03-03,147.29
2008-03-04,150.0
2008-03-05,151.5
2008-03-06,150.46
2008-03-07,145.0
2008-03-11,151.2
2008-03-12,150.22
2008-03-13,150.22
2008-03-14,148.5
2008-03-17,143.0
2008-03-18,147.45
2008-03-19,148.92
2008-03-20,145.95
2008-03-21,144.0
2008-03-24,146.84
2008-03-25,146.0
2008-03-26,150.57
2008-03-27,150.0
2008-03-28,151.31
2008-03-31,152.4
2008-04-01,152.6
2008-04-02,153.37
2008-04-03,151.5
2008-04-04,151.5
2008-04-07,153.57
2008-04-08,150.85
2008-04-09,151.82
2008-04-10,150.51
2008-04-11,144.2
2008-04-14,142.92
2008-04-15,147.79
2008-04-16,149.98
2008-04-17,150.28
2008-04-18,154.0
2008-04-21,153.4
2008-04-22,153.1
2008-04-23,153.91
2008-04-24,151.57
2008-04-25,153.3
2008-04-28,152.84
2008-04-29,152.9
2008-04-30,151.91
2008-05-04,153.45
2008-05-05,152.28
2008-05-06,159.11
2008-05-07,162.7
2008-05-08,169.4
2008-05-12,173.2
2008-05-13,175.5
2008-05-14,182.01
2008-05-15,187.9
2008-05-16,189.13
2008-05-19,187.56
2008-05-20,187.66
2008-05-21,187.3
2008-05-22,186.5
2008-05-23,187.5
2008-05-26,184.04
2008-05-27,182.03
2008-05-28,184.0
2008-05-29,187.17
2008-05-30,189.41
2008-06-02,186.23
2008-06-03,186.91
2008-06-04,179.52
2008-06-05,182.82
2008-06-06,187.45
2008-06-07,183.0
2008-06-09,184.34
2008-06-10,184.01
2008-06-11,184.85
2008-06-16,182.8
2008-06-17,184.0
2008-06-18,183.0
2008-06-19,184.47
2008-06-20,181.8
2008-06-23,182.96
2008-06-24,176.81
2008-06-25,177.67
2008-06-26,177.9
2008-06-27,177.98
2008-06-30,176.26
2008-07-01,167.19
2008-07-02,164.2
2008-07-03,163.7
2008-07-04,161.2
2008-07-07,161.12
2008-07-08,162.89
2008-07-09,164.2
2008-07-10,164.31
2008-07-11,163.3
2008-07-14,166.9
2008-07-15,165.21
2008-07-16,161.4
2008-07-17,164.77
2008-07-18,159.21
2008-07-21,162.04
2008-07-22,158.3
2008-07-23,156.2
2008-07-24,148.8
2008-07-25,144.01
2008-07-28,137.24
2008-07-29,138.25
2008-07-30,141.4
2008-07-31,140.15
2008-08-01,138.5
2008-08-04,137.33
2008-08-05,128.57
2008-08-06,129.99
2008-08-07,136.69
2008-08-08,131.35
2008-08-11,135.61
2008-08-12,139.27
2008-08-13,137.5
2008-08-14,138.2
2008-08-15,143.0
2008-08-18,145.72
2008-08-19,133.99
2008-08-20,133.0
2008-08-21,135.27
2008-08-22,135.09
2008-08-25,126.85
2008-08-26,125.79
2008-08-27,122.3
2008-08-28,127.5
2008-08-29,129.0
2008-09-01,128.39
2008-09-02,126.13
2008-09-03,123.2
2008-09-04,117.81
2008-09-05,114.0
2008-09-08,117.62
2008-09-09,104.0
2008-09-10,104.0
2008-09-11,102.0
2008-09-12,106.9
2008-09-15,96.45
2008-09-16,83.01
2008-09-17,71.99
2008-09-19,100.02
2008-09-22,108.0
2008-09-23,99.7
2008-09-24,103.7
2008-09-25,102.9
2008-09-26,104.5
2008-09-29,98.0
2008-09-30,90.45
2008-10-01,88.5
2008-10-02,83.0
2008-10-03,78.0
2008-10-06,65.37
2008-10-07,63.2
2008-10-08,57.9
2008-10-09,57.1
2008-10-13,52.2
2008-10-14,53.2
2008-10-15,47.11
2008-10-16,37.71
2008-10-17,32.61
2008-10-20,33.8
2008-10-21,37.3
2008-10-22,34.4
2008-10-23,33.68
2008-10-24,27.94
2008-10-28,27.5
2008-10-29,33.5
2008-10-30,40.74
2008-10-31,
2008-11-01,53.48
2008-11-05,
2008-11-06,50.61
2008-11-07,54.2
2008-11-10,57.8
2008-11-11,51.0
2008-11-13,43.0
2008-11-14,46.0
2008-11-17,44.0
2008-11-18,46.96
2008-11-19,42.64
2008-11-20,37.68
2008-11-21,37.16
2008-11-24,43.85
2008-11-25,43.0
2008-11-26,43.3
2008-11-27,47.47
2008-11-28,46.2
2008-12-01,42.0
2008-12-02,47.21
2008-12-03,50.8
2008-12-04,48.0
2008-12-05,45.2
2008-12-08,51.98
2008-12-09,51.06
2008-12-10,54.81
2008-12-11,55.18
2008-12-12,52.2
2008-12-15,58.5
2008-12-16,60.38
2008-12-17,60.2
2008-12-18,59.0
2008-12-19,60.0
2008-12-22,60.05
2008-12-23,60.67
2008-12-24,57.95
2008-12-25,54.78
2008-12-26,53.1
2008-12-29,54.2
2008-12-30,56.0
2008-12-31,55.25
2009-01-11,55.79
2009-01-12,57.42
2009-01-13,57.69
2009-01-14,51.99
2009-01-15,49.92
2009-01-16,50.5
2009-01-19,49.75
2009-01-20,50.77
2009-01-21,53.48
2009-01-22,51.5
2009-01-23,50.9
2009-01-26,55.09
2009-01-27,53.39
2009-01-28,54.3
2009-01-29,57.2
2009-01-30,58.99
2009-02-02,60.0
2009-02-03,59.5
2009-02-04,58.7
2009-02-05,56.56
2009-02-06,60.75
2009-02-09,69.0
2009-02-10,70.3
2009-02-11,71.5
2009-02-12,70.49
2009-02-13,76.09
2009-02-16,75.08
2009-02-17,68.31
2009-02-18,65.79
2009-02-19,67.28
2009-02-20,64.64
2009-02-24,63.64
2009-02-25,63.3
2009-02-26,68.93
2009-02-27,66.81
2009-03-02,63.5
2009-03-03,63.25
2009-03-04,68.3
2009-03-05,69.38
2009-03-06,74.18
2009-03-10,86.9
2009-03-11,83.84
2009-03-12,80.0
2009-03-13,81.18
2009-03-16,82.5
2009-03-17,83.96
2009-03-18,82.7
2009-03-19,83.63
2009-03-20,92.75
2009-03-23,98.8
2009-03-24,95.5
2009-03-25,96.43
2009-03-26,94.7
2009-03-27,88.9
2009-03-30,80.51
2009-03-31,79.8
2009-04-01,80.43
2009-04-02,85.55
2009-04-03,87.0
2009-04-06,90.25
2009-04-07,93.0
2009-04-08,95.02
2009-04-09,99.78
2009-04-10,99.03
2009-04-13,94.5
2009-04-14,98.0
2009-04-15,95.21
2009-04-16,97.99
2009-04-17,100.53
2009-04-20,93.35
2009-04-21,92.75
2009-04-22,95.0
2009-04-23,97.25
2009-04-24,98.46
2009-04-27,97.08
2009-04-28,96.15
2009-04-29,100.57
2009-04-30,100.18
2009-05-04,104.79
2009-05-05,104.8
2009-05-06,108.14
2009-05-07,118.05
2009-05-08,119.02
2009-05-12,128.0
2009-05-13,123.1
2009-05-14,122.0
2009-05-15,123.95
2009-05-18,122.25
2009-05-19,126.2
2009-05-20,135.94
2009-05-21,128.0
2009-05-22,126.5
2009-05-25,126.0
2009-05-26,125.44
2009-05-27,129.5
2009-05-28,129.0
2009-05-29,146.9
2009-06-01,151.85
2009-06-02,146.6
2009-06-03,130.3
2009-06-04,129.79
2009-06-05,129.5
2009-06-08,126.85
2009-06-09,122.0
2009-06-10,127.5
2009-06-11,126.95
2009-06-15,121.36
2009-06-16,120.15
2009-06-17,114.9
2009-06-18,107.99
2009-06-19,105.37
2009-06-22,100.97
2009-06-23,100.6
2009-06-24,112.0
2009-06-25,111.3
2009-06-26,112.55
2009-06-29,121.07
2009-06-30,126.5
2009-07-01,127.51
2009-07-02,121.83
2009-07-03,118.0
2009-07-06,108.89
2009-07-07,107.01
2009-07-08,102.45
2009-07-09,99.99
2009-07-10,96.3
2009-07-13,97.25
2009-07-14,98.38
2009-07-15,103.85
2009-07-16,103.99
2009-07-17,107.8
2009-07-20,107.85
2009-07-21,109.79
2009-07-22,105.22
2009-07-23,112.45
2009-07-24,111.9
2009-07-27,117.07
2009-07-28,115.15
2009-07-29,113.3
2009-07-30,124.99
2009-07-31,128.47
2009-08-03,130.5
2009-08-04,127.99
2009-08-05,124.0
2009-08-06,125.3
2009-08-07,126.79
2009-08-10,125.99
2009-08-11,121.01
2009-08-12,121.7
2009-08-13,121.55
2009-08-14,117.46
2009-08-17,114.51
2009-08-18,114.2
2009-08-19,115.5
2009-08-20,119.97
2009-08-21,125.89
2009-08-24,133.51
2009-08-25,130.4
2009-08-26,126.05
2009-08-27,122.52
2009-08-28,129.02
2009-08-31,126.59
2009-09-01,126.28
2009-09-02,120.53
2009-09-03,120.45
2009-09-04,120.21
2009-09-07,123.14
2009-09-08,128.91
2009-09-09,130.8
2009-09-10,129.1
2009-09-11,129.56
2009-09-14,127.61
2009-09-15,130.0
2009-09-16,129.8
2009-09-17,128.5
2009-09-18,127.07
2009-09-21,120.98
2009-09-22,125.04
2009-09-23,126.29
2009-09-24,120.55
2009-09-25,120.5
2009-09-28,124.01
2009-09-29,128.76
2009-09-30,126.18
2009-10-01,128.6
2009-10-02,123.85
2009-10-05,124.9
2009-10-06,127.73
2009-10-07,127.31
2009-10-08,133.65
2009-10-09,135.39
2009-10-12,141.21
2009-10-13,137.75
2009-10-14,139.9
2009-10-15,142.5
2009-10-16,138.61
2009-10-19,142.0
2009-10-20,142.09
2009-10-21,143.49
2009-10-22,141.01
2009-10-23,140.65
2009-10-26,141.6
2009-10-27,135.69
2009-10-28,127.5
2009-10-29,129.53
2009-10-30,125.73
2009-11-02,130.8
2009-11-03,124.2
2009-11-05,133.95
2009-11-06,129.85
2009-11-09,135.7
2009-11-10,141.11
2009-11-11,137.47
2009-11-12,140.2
2009-11-13,142.35
2009-11-16,146.05
2009-11-17,142.6
2009-11-18,145.4
2009-11-19,141.73
2009-11-20,144.61
2009-11-23,145.85
2009-11-24,142.5
2009-11-25,140.01
2009-11-26,136.0
2009-11-27,138.74
2009-11-30,138.25
2009-12-01,144.98
2009-12-02,143.5
2009-12-03,140.26
2009-12-04,144.22
2009-12-07,140.67
2009-12-08,140.0
2009-12-09,137.02
2009-12-10,135.39
2009-12-11,136.0
2009-12-14,139.85
2009-12-15,142.5
2009-12-16,148.37
2009-12-17,145.1
2009-12-18,141.68
2009-12-21,142.38
2009-12-22,138.7
2009-12-23,139.0
2009-12-24,138.25
2009-12-25,138.7
2009-12-28,141.0
2009-12-29,140.37
2009-12-30,139.0
2009-12-31,139.5
2010-01-11,144.2
2010-01-12,142.76
2010-01-13,144.5
2010-01-14,144.08
2010-01-15,145.25
2010-01-18,145.99
2010-01-19,145.0
2010-01-20,144.22
2010-01-21,141.0
2010-01-22,138.99
2010-01-25,141.11
2010-01-26,138.5
2010-01-27,139.5
2010-01-28,142.01
2010-01-29,144.0
2010-02-01,141.86
2010-02-02,142.35
2010-02-03,141.56
2010-02-04,141.28
2010-02-05,137.5
2010-02-08,135.31
2010-02-09,139.51
2010-02-10,139.83
2010-02-11,140.9
2010-02-12,139.89
2010-02-15,139.7
2010-02-16,140.86
2010-02-17,140.95
2010-02-18,140.0
2010-02-19,141.0
2010-02-24,141.79
2010-02-25,136.9
2010-02-26,139.05
2010-02-27,140.98
2010-03-01,142.08
2010-03-02,141.78
2010-03-03,141.64
2010-03-04,143.75
2010-03-05,147.51
2010-03-09,147.0
2010-03-10,146.69
2010-03-11,143.95
2010-03-12,146.51
2010-03-15,144.25
2010-03-16,145.69
2010-03-17,147.2
2010-03-18,145.14
2010-03-19,143.21
2010-03-22,143.21
2010-03-23,142.08
2010-03-24,141.11
2010-03-25,143.75
2010-03-26,143.98
2010-03-29,145.74
2010-03-30,145.82
2010-03-31,145.91
2010-04-01,147.6
2010-04-02,145.82
2010-04-05,146.5
2010-04-06,147.99
2010-04-07,146.86
2010-04-08,146.2
2010-04-09,146.19
2010-04-12,145.8
2010-04-13,144.63
2010-04-14,147.0
2010-04-15,147.15
2010-04-16,145.56
2010-04-19,142.72
2010-04-20,144.45
2010-04-21,146.79
2010-04-22,145.68
2010-04-23,146.24
2010-04-26,146.52
2010-04-27,146.34
2010-04-28,144.39
2010-04-29,143.9
2010-04-30,145.0
2010-05-04,142.84
2010-05-05,138.8
2010-05-06,143.05
2010-05-07,137.53
2010-05-11,130.93
2010-05-12,134.5
2010-05-13,132.55
2010-05-14,129.0
2010-05-17,131.5
2010-05-18,132.1
2010-05-19,130.09
2010-05-20,122.0
2010-05-21,124.56
2010-05-24,126.44
2010-05-25,121.15
2010-05-26,124.0
2010-05-27,131.15
2010-05-28,133.5
2010-05-31,140.2
2010-06-01,136.44
2010-06-02,135.7
2010-06-03,136.36
2010-06-04,134.1
2010-06-07,132.37
2010-06-08,129.0
2010-06-09,134.46
2010-06-10,140.2
2010-06-11,139.99
2010-06-15,143.0
2010-06-16,141.01
2010-06-17,143.8
2010-06-18,145.0
2010-06-21,146.41
2010-06-22,145.2
2010-06-23,144.67
2010-06-24,143.5
2010-06-25,142.4
2010-06-28,143.7
2010-06-29,139.4
2010-06-30,140.0
2010-07-01,136.19
2010-07-02,141.37
2010-07-05,141.3
2010-07-06,144.57
2010-07-07,145.1
2010-07-08,144.7
2010-07-09,143.93
2010-07-12,144.45
2010-07-13,144.81
2010-07-14,145.6
2010-07-15,144.3
2010-07-16,145.0
2010-07-19,145.5
2010-07-20,144.54
2010-07-21,145.58
2010-07-22,147.08
2010-07-23,146.0
2010-07-26,145.95
2010-07-27,146.7
2010-07-28,144.54
2010-07-29,147.01
2010-07-30,146.94
2010-08-02,147.0
2010-08-03,146.85
2010-08-04,147.06
2010-08-05,146.94
2010-08-06,145.01
2010-08-09,146.28
2010-08-10,144.66
2010-08-11,143.68
2010-08-12,143.4
2010-08-13,143.45
2010-08-16,144.32
2010-08-17,145.8
2010-08-18,146.15
2010-08-19,144.49
2010-08-20,143.53
2010-08-23,142.54
2010-08-24,137.47
2010-08-25,137.8
2010-08-26,138.36
2010-08-27,140.19
2010-08-30,141.99
2010-08-31,142.0
2010-09-01,144.5
2010-09-02,144.6
2010-09-03,145.35
2010-09-06,145.67
2010-09-07,143.62
2010-09-08,144.62
2010-09-09,144.81
2010-09-10,144.8
2010-09-13,146.39
2010-09-14,145.84
2010-09-15,147.0
2010-09-16,146.05
2010-09-17,145.75
2010-09-20,145.63
2010-09-21,146.03
2010-09-22,143.83
2010-09-23,143.5
2010-09-24,145.97
2010-09-27,145.01
2010-09-28,144.84
2010-09-29,145.6
2010-09-30,146.56
2010-10-01,149.39
2010-10-04,152.06
2010-10-05,151.0
2010-10-06,150.72
2010-10-07,150.5
2010-10-08,150.0
2010-10-11,150.89
2010-10-12,150.2
2010-10-13,151.45
2010-10-14,150.75
2010-10-15,150.3
2010-10-18,149.78
2010-10-19,149.59
2010-10-20,148.05
2010-10-21,148.0
2010-10-22,149.5
2010-10-25,150.0
2010-10-26,148.6
2010-10-27,146.0
2010-10-28,145.89
2010-10-29,148.1
2010-11-01,148.41
2010-11-02,148.48
2010-11-03,148.43
2010-11-08,151.88
2010-11-09,152.9
2010-11-10,152.01
2010-11-11,149.4
2010-11-12,149.8
2010-11-13,147.34
2010-11-15,149.43
2010-11-16,148.0
2010-11-17,148.93
2010-11-18,151.58
2010-11-19,150.5
2010-11-22,150.87
2010-11-23,150.5
2010-11-24,149.5
2010-11-25,149.19
2010-11-26,149.8
2010-11-29,148.62
2010-11-30,148.47
2010-12-01,148.68
2010-12-02,150.0
2010-12-03,150.0
2010-12-06,154.0
2010-12-07,153.1
2010-12-08,149.66
2010-12-09,148.92
2010-12-10,148.43
2010-12-13,147.59
2010-12-14,147.8
2010-12-15,148.85
2010-12-16,147.72
2010-12-17,150.0
2010-12-20,149.74
2010-12-21,149.28
2010-12-22,149.0
2010-12-23,149.7
2010-12-24,148.22
2010-12-27,147.05
2010-12-28,146.86
2010-12-29,148.2
2010-12-30,148.7
2011-01-11,155.89
2011-01-12,157.6
2011-01-13,155.8
2011-01-14,157.0
2011-01-17,160.84
2011-01-18,159.8
2011-01-19,162.0
2011-01-20,161.21
2011-01-21,165.7
2011-01-24,165.1
2011-01-25,161.06
2011-01-26,161.0
2011-01-27,163.39
2011-01-28,163.4
2011-01-31,161.89
2011-02-01,165.95
2011-02-02,170.0
2011-02-03,168.59
2011-02-04,173.56
2011-02-07,175.4
2011-02-08,168.48
2011-02-09,167.46
2011-02-10,160.2
2011-02-11,163.43
2011-02-14,167.92
2011-02-15,163.42
2011-02-16,165.41
2011-02-17,165.73
2011-02-18,166.45
2011-02-21,168.75
2011-02-22,173.0
2011-02-24,173.51
2011-02-25,172.25
2011-02-28,173.99
2011-03-01,172.52
2011-03-02,174.4
2011-03-03,175.6
2011-03-04,176.24
2011-03-05,177.87
2011-03-09,183.9
2011-03-10,180.66
2011-03-11,178.28
2011-03-14,181.64
2011-03-15,179.24
2011-03-16,177.54
2011-03-17,177.6
2011-03-18,173.72
2011-03-21,173.23
2011-03-22,172.8
2011-03-23,182.0
2011-03-24,182.7
2011-03-25,182.77
2011-03-28,182.21
2011-03-29,179.96
2011-03-30,183.0
2011-03-31,183.07
2011-04-01,187.37
2011-04-04,191.2
2011-04-05,191.88
2011-04-06,194.86
2011-04-07,194.99
2011-04-08,194.53
2011-04-11,192.7
2011-04-12,187.16
2011-04-13,185.39
2011-04-14,180.68
2011-04-15,178.9
2011-04-18,172.95
2011-04-19,183.55
2011-04-20,187.55
2011-04-21,184.49
2011-04-22,188.6
2011-04-25,184.46
2011-04-26,183.86
2011-04-27,179.76
2011-04-28,180.16
2011-04-29,178.95
2011-05-03,172.7
2011-05-04,171.21
2011-05-05,168.92
2011-05-06,174.22
2011-05-10,166.2
2011-05-11,165.66
2011-05-12,158.9
2011-05-13,158.0
2011-05-16,156.69
2011-05-17,154.5
2011-05-18,157.14
2011-05-19,157.07
2011-05-20,154.79
2011-05-23,152.54
2011-05-24,155.99
2011-05-25,158.7
2011-05-26,160.8
2011-05-27,159.88
2011-05-30,158.99
2011-05-31,161.94
2011-06-01,160.13
2011-06-02,159.73
2011-06-03,159.9
2011-06-06,156.48
2011-06-07,160.1
2011-06-08,160.76
2011-06-09,164.99
2011-06-10,167.5
2011-06-14,168.53
2011-06-15,170.84
2011-06-16,173.0
2011-06-17,165.12
2011-06-20,165.03
2011-06-21,170.04
2011-06-22,168.39
2011-06-23,165.25
2011-06-24,171.79
2011-06-27,169.06
2011-06-28,175.0
2011-06-29,177.25
2011-06-30,179.39
2011-07-01,185.0
2011-07-04,186.39
2011-07-05,189.6
2011-07-06,185.04
2011-07-07,188.15
2011-07-08,192.0
2011-07-11,189.0
2011-07-12,186.9
2011-07-13,191.89
2011-07-14,189.15
2011-07-15,188.07
2011-07-18,185.88
2011-07-19,185.2
2011-07-20,189.21
2011-07-21,191.0
2011-07-22,192.54
2011-07-25,194.38
2011-07-26,193.67
2011-07-27,189.6
2011-07-28,191.5
2011-07-29,184.2
2011-08-01,185.5
2011-08-02,180.5
2011-08-03,171.93
2011-08-04,169.94
2011-08-05,169.78
2011-08-08,160.22
2011-08-09,157.05
2011-08-10,150.92
2011-08-11,155.0
2011-08-12,156.7
2011-08-15,163.55
2011-08-16,159.0
2011-08-17,164.2
2011-08-18,155.42
2011-08-19,154.0
2011-08-22,153.35
2011-08-23,154.51
2011-08-24,154.63
2011-08-25,149.68
2011-08-26,146.92
2011-08-29,152.36
2011-08-30,152.49
2011-08-31,157.5
2011-09-01,161.06
2011-09-02,157.99
2011-09-05,155.18
2011-09-06,156.0
2011-09-07,162.7
2011-09-08,161.5
2011-09-09,157.43
2011-09-12,150.8
2011-09-13,150.54
2011-09-14,152.7
2011-09-15,156.86
2011-09-16,157.31
2011-09-19,150.5
2011-09-20,154.65
2011-09-21,152.04
2011-09-22,139.3
2011-09-23,127.0
2011-09-26,129.95
2011-09-27,133.39
2011-09-28,129.92
2011-09-29,135.14
2011-09-30,135.49
2011-10-03,132.5
2011-10-04,128.12
2011-10-05,124.79
2011-10-06,129.58
2011-10-07,132.07
2011-10-10,137.88
2011-10-11,133.95
2011-10-12,138.0
2011-10-13,137.78
2011-10-14,138.59
2011-10-17,135.96
2011-10-18,144.26
2011-10-19,141.5
2011-10-20,141.22
2011-10-21,144.92
2011-10-24,147.9
2011-10-25,149.28
2011-10-26,153.24
2011-10-27,152.03
2011-10-28,153.94
2011-10-31,151.35
2011-11-01,149.36
2011-11-02,153.99
2011-11-03,154.3
2011-11-07,157.82
2011-11-08,158.07
2011-11-09,154.68
2011-11-10,160.99
2011-11-11,165.87
2011-11-14,164.55
2011-11-15,160.03
2011-11-16,160.14
2011-11-17,157.05
2011-11-18,154.14
2011-11-21,143.7
2011-11-22,148.26
2011-11-23,146.67
2011-11-24,144.2
2011-11-25,147.79
2011-11-28,158.58
2011-11-29,157.7
2011-11-30,165.54
2011-12-01,167.13
2011-12-02,165.34
2011-12-05,169.37
2011-12-06,164.49
2011-12-07,161.0
2011-12-08,161.1
2011-12-09,154.0
2011-12-12,146.74
2011-12-13,152.3
2011-12-14,153.97
2011-12-15,152.0
2011-12-16,147.04
2011-12-19,149.73
2011-12-20,154.22
2011-12-21,149.4
2011-12-22,151.69
2011-12-23,150.86
2011-12-26,153.63
2011-12-27,155.0
2011-12-28,156.39
2011-12-29,154.0
2011-12-30,158.4
2012-01-03,172.01
2012-01-04,173.24
2012-01-05,168.91
2012-01-06,170.0
2012-01-09,172.2
2012-01-10,174.0
2012-01-11,169.9
2012-01-12,168.61
2012-01-13,167.5
2012-01-16,168.0
2012-01-17,169.5
2012-01-18,171.82
2012-01-19,174.57
2012-01-20,176.97
2012-01-23,177.69
2012-01-24,175.0
2012-01-25,173.6
2012-01-26,176.24
2012-01-27,173.53
2012-01-30,170.24
2012-01-31,177.55
2012-02-01,177.5
2012-02-02,178.42
2012-02-03,179.84
2012-02-06,179.06
2012-02-07,177.97
2012-02-08,177.24
2012-02-09,176.27
2012-02-10,173.9
2012-02-13,174.94
2012-02-14,176.5
2012-02-15,179.93
2012-02-16,180.9
2012-02-17,183.49
2012-02-20,187.98
2012-02-21,187.71
2012-02-22,186.72
2012-02-24,191.22
2012-02-27,188.72
2012-02-28,187.54
2012-02-29,194.45
2012-03-01,194.4
2012-03-02,194.7
2012-03-05,195.63
2012-03-06,186.63
2012-03-07,188.66
2012-03-11,194.71
2012-03-12,195.35
2012-03-13,199.38
2012-03-14,200.99
2012-03-15,199.5
2012-03-16,203.0
2012-03-19,197.5
2012-03-20,192.98
2012-03-21,191.18
2012-03-22,191.28
2012-03-23,193.9
2012-03-26,198.82
2012-03-27,198.3
2012-03-28,193.3
2012-03-29,191.94
2012-03-30,196.33
2012-04-02,197.3
2012-04-03,199.95
2012-04-04,195.66
2012-04-05,194.34
2012-04-06,190.03
2012-04-09,193.98
2012-04-10,188.46
2012-04-11,185.07
2012-04-12,183.4
2012-04-13,182.54
2012-04-16,182.5
2012-04-17,180.0
2012-04-18,177.71
2012-04-19,184.47
2012-04-20,184.88
2012-04-23,179.19
2012-04-24,179.8
2012-04-25,176.5
2012-04-26,178.1
2012-04-27,179.37
2012-04-28,180.77
2012-05-02,181.0
2012-05-03,179.1
2012-05-04,171.11
2012-05-05,170.29
2012-05-07,179.2
2012-05-08,173.76
2012-05-10,170.5
2012-05-11,171.4
2012-05-12,171.31
2012-05-14,163.99
2012-05-15,163.76
2012-05-16,158.64
2012-05-17,150.78
2012-05-18,149.42
2012-05-21,158.0
2012-05-22,155.17
2012-05-23,151.95
2012-05-24,160.02
2012-05-25,163.19
2012-05-28,164.7
2012-05-29,173.0
2012-05-30,168.75
2012-05-31,165.79
2012-06-01,161.89
2012-06-04,169.39
2012-06-05,167.01
2012-06-06,169.66
2012-06-07,175.85
2012-06-08,176.46
2012-06-09,179.22
2012-06-13,179.7
2012-06-14,177.13
2012-06-15,184.86
2012-06-18,186.28
2012-06-19,184.9
2012-06-20,185.79
2012-06-21,182.89
2012-06-22,176.16
2012-06-25,170.7
2012-06-26,171.51
2012-06-27,178.39
2012-06-28,171.75
2012-06-29,180.2
2012-07-02,183.0
2012-07-03,188.7
2012-07-04,193.6
2012-07-05,198.67
2012-07-06,194.65
2012-07-09,192.71
2012-07-10,192.01
2012-07-11,186.83
2012-07-12,185.68
2012-07-13,190.15
2012-07-16,186.9
2012-07-17,190.3
2012-07-18,193.0
2012-07-19,197.21
2012-07-20,191.71
2012-07-23,184.17
2012-07-24,185.15
2012-07-25,186.77
2012-07-26,193.48
2012-07-27,200.05
2012-07-30,201.97
2012-07-31,197.4
2012-08-01,198.31
2012-08-02,196.22
2012-08-03,201.62
2012-08-06,203.6
2012-08-07,204.54
2012-08-08,202.52
2012-08-09,202.53
2012-08-10,200.9
2012-08-13,200.31
2012-08-14,204.26
2012-08-15,203.17
2012-08-16,200.51
2012-08-17,201.48
2012-08-20,199.58
2012-08-21,204.03
2012-08-22,203.66
2012-08-23,203.33
2012-08-24,203.19
2012-08-27,202.34
2012-08-28,201.91
2012-08-29,200.25
2012-08-30,199.17
2012-08-31,195.77
2012-09-03,196.7
2012-09-04,197.22
2012-09-05,194.01
2012-09-06,201.01
2012-09-07,204.42
2012-09-10,204.18
2012-09-11,204.29
2012-09-12,205.49
2012-09-13,206.3
2012-09-14,210.33
2012-09-17,210.83
2012-09-18,210.89
2012-09-19,209.39
2012-09-20,208.25
2012-09-21,210.05
2012-09-24,206.5
2012-09-25,203.46
2012-09-26,196.61
2012-09-27,200.13
2012-09-28,201.32
2012-10-01,207.76
2012-10-02,207.83
2012-10-03,203.13
2012-10-04,199.99
2012-10-05,204.78
2012-10-08,202.02
2012-10-09,203.0
2012-10-10,202.5
2012-10-11,200.8
2012-10-12,198.0
2012-10-15,200.5
2012-10-16,202.29
2012-10-17,207.99
2012-10-18,208.3
2012-10-19,203.88
2012-10-22,207.01
2012-10-23,203.81
2012-10-24,201.02
2012-10-25,202.0
2012-10-26,199.79
2012-10-29,201.6
2012-10-30,197.66
2012-10-31,197.48
2012-11-01,196.13
2012-11-02,195.39
2012-11-06,198.0
2012-11-07,195.71
2012-11-08,195.44
2012-11-09,195.05
2012-11-12,196.3
2012-11-13,193.39
2012-11-14,193.8
2012-11-15,192.63
2012-11-16,192.98
2012-11-19,194.26
2012-11-20,193.75
2012-11-21,198.06
2012-11-22,196.92
2012-11-23,201.47
2012-11-26,200.98
2012-11-27,201.8
2012-11-28,199.0
2012-11-29,198.76
2012-11-30,195.04
2012-12-03,201.0
2012-12-04,201.47
2012-12-05,204.99
2012-12-06,205.77
2012-12-07,204.5
2012-12-10,208.53
2012-12-11,209.01
2012-12-12,214.0
2012-12-13,217.44
2012-12-14,214.17
2012-12-17,212.3
2012-12-18,216.5
2012-12-19,217.4
2012-12-20,218.5
2012-12-21,218.0
2012-12-24,216.11
2012-12-25,216.09
2012-12-26,217.3
2012-12-27,216.93
2012-12-28,218.0
2013-01-08,221.59
2013-01-09,220.97
2013-01-10,218.7
2013-01-11,217.91
2013-01-14,220.51
2013-01-15,217.31
2013-01-16,216.86
2013-01-17,218.6
2013-01-18,220.35
2013-01-21,220.48
2013-01-22,220.69
2013-01-23,220.4
2013-01-24,220.35
2013-01-25,221.94
2013-01-28,225.22
2013-01-29,223.79
2013-01-30,220.11
2013-01-31,221.99
2013-02-01,221.5
2013-02-04,217.8
2013-02-05,218.99
2013-02-06,218.5
2013-02-07,218.04
2013-02-08,218.65
2013-02-11,218.7
2013-02-12,216.65
2013-02-13,218.72
2013-02-14,216.91
2013-02-15,216.51
2013-02-18,214.85
2013-02-19,216.8
2013-02-20,212.55
2013-02-21,212.5
2013-02-22,213.24
2013-02-25,211.26
2013-02-26,206.15
2013-02-27,204.99
2013-02-28,200.3
2013-03-01,201.84
2013-03-04,204.47
2013-03-05,205.46
2013-03-06,210.42
2013-03-07,211.27
2013-03-11,215.71
2013-03-12,215.5
2013-03-13,213.03
2013-03-14,210.54
2013-03-15,209.3
2013-03-18,201.0
2013-03-19,199.7
2013-03-20,199.71
2013-03-21,202.0
2013-03-22,199.49
2013-03-25,197.17
2013-03-26,196.8
2013-03-27,200.98
2013-03-28,205.39
2013-03-29,206.94
2013-04-01,207.26
2013-04-02,203.7
2013-04-03,204.99
2013-04-04,203.75
2013-04-05,199.9
2013-04-08,196.02
2013-04-09,198.35
2013-04-10,194.99
2013-04-11,190.81
2013-04-12,190.2
2013-04-15,185.5
2013-04-16,182.3
2013-04-17,179.77
2013-04-18,177.0
2013-04-19,176.29
2013-04-22,179.5
2013-04-23,176.41
2013-04-24,190.78
2013-04-25,195.71
2013-04-26,196.96
2013-04-29,193.55
2013-04-30,199.23
2013-05-02,193.76
2013-05-03,200.99
2013-05-06,205.75
2013-05-07,204.98
2013-05-08,206.5
2013-05-10,210.45
2013-05-13,208.0
2013-05-14,201.99
2013-05-15,199.77
2013-05-16,190.25
2013-05-17,201.85
2013-05-20,200.02
2013-05-21,206.4
2013-05-22,210.54
2013-05-23,203.6
2013-05-24,199.12
2013-05-27,198.45
2013-05-28,201.23
2013-05-29,190.87
2013-05-30,188.3
2013-05-31,180.42
2013-06-03,177.42
2013-06-04,182.73
2013-06-05,175.95
2013-06-06,170.25
2013-06-07,182.21
2013-06-10,179.5
2013-06-11,171.52
2013-06-13,168.4
2013-06-14,173.97
2013-06-17,185.0
2013-06-18,187.0
2013-06-19,186.5
2013-06-20,182.71
2013-06-21,181.4
2013-06-24,184.18
2013-06-25,186.6
2013-06-26,188.39
2013-06-27,187.41
2013-06-28,196.45
2013-07-01,197.46
2013-07-02,202.0
2013-07-03,197.04
2013-07-04,196.28
2013-07-05,194.82
2013-07-08,194.48
2013-07-09,192.65
2013-07-10,190.64
2013-07-11,198.15
2013-07-12,204.2
2013-07-15,207.0
2013-07-16,205.61
2013-07-17,211.0
2013-07-18,210.75
2013-07-19,211.52
2013-07-22,210.0
2013-07-23,211.2
2013-07-24,206.08
2013-07-25,207.0
2013-07-26,203.81
2013-07-29,202.97
2013-07-30,203.74
2013-07-31,202.56
2013-08-01,206.68
2013-08-02,205.68
2013-08-05,208.65
2013-08-06,200.1
2013-08-07,200.5
2013-08-08,206.01
2013-08-09,206.64
2013-08-12,206.73
2013-08-13,210.44
2013-08-14,213.01
2013-08-15,204.14
2013-08-16,202.93
2013-08-19,207.32
2013-08-20,207.72
2013-08-21,208.3
2013-08-22,209.56
2013-08-23,209.71
2013-08-26,209.0
2013-08-27,205.24
2013-08-28,202.54
2013-08-29,205.19
2013-08-30,208.74
2013-09-02,207.5
2013-09-03,207.32
2013-09-04,207.99
2013-09-05,213.65
2013-09-06,216.92
2013-09-09,220.0
2013-09-10,221.85
2013-09-11,221.64
2013-09-12,219.0
2013-09-13,219.38
2013-09-16,221.65
2013-09-17,223.0
2013-09-18,220.45
2013-09-19,223.3
2013-09-20,225.62
2013-09-23,220.83
2013-09-24,219.0
2013-09-25,217.34
2013-09-26,215.68
2013-09-27,216.4
2013-09-30,212.92
2013-10-01,213.45
2013-10-02,208.21
2013-10-03,209.05
2013-10-04,211.25
2013-10-07,210.24
2013-10-08,215.18
2013-10-09,214.33
2013-10-10,218.44
2013-10-11,217.81
2013-10-14,218.83
2013-10-15,221.99
2013-10-16,220.38
2013-10-17,219.6
2013-10-18,222.96
2013-10-21,221.51
2013-10-22,220.58
2013-10-23,216.7
2013-10-24,212.86
2013-10-25,214.13
2013-10-28,216.49
2013-10-29,217.0
2013-10-30,219.83
2013-10-31,220.54
2013-11-01,220.7
2013-11-05,219.18
2013-11-06,218.5
2013-11-07,219.17
2013-11-08,214.28
2013-11-11,211.1
2013-11-12,211.89
2013-11-13,208.0
2013-11-14,208.12
2013-11-15,208.24
2013-11-18,211.7
2013-11-19,211.99
2013-11-20,208.69
2013-11-21,208.5
2013-11-22,213.41
2013-11-25,211.01
2013-11-26,207.99
2013-11-27,204.48
2013-11-28,205.08
2013-11-29,203.09
2013-12-02,205.35
2013-12-03,198.72
2013-12-04,199.29
2013-12-05,196.74
2013-12-06,196.5
2013-12-09,199.28
2013-12-10,203.66
2013-12-11,203.5
2013-12-12,201.0
2013-12-13,201.34
2013-12-16,203.22
2013-12-17,206.09
2013-12-18,204.54
2013-12-19,209.03
2013-12-20,207.93
2013-12-23,210.98
2013-12-24,209.88
2013-12-25,209.99
2013-12-26,208.45
2013-12-27,206.2
2013-12-30,208.22
2014-01-06,200.4
2014-01-08,197.12
2014-01-09,199.11
2014-01-10,199.69
2014-01-13,201.5
2014-01-14,197.2
2014-01-15,198.41
2014-01-16,198.05
2014-01-17,199.5
2014-01-20,199.19
2014-01-21,200.39
2014-01-22,199.2
2014-01-23,201.07
2014-01-24,198.0
2014-01-27,197.36
2014-01-28,193.79
2014-01-29,197.14
2014-01-30,199.21
2014-01-31,195.49
2014-02-03,192.62
2014-02-04,188.96
2014-02-05,193.09
2014-02-06,199.59
2014-02-07,201.89
2014-02-10,203.32
2014-02-11,207.49
2014-02-12,212.66
2014-02-13,210.2
2014-02-14,212.12
2014-02-17,213.12
2014-02-18,213.77
2014-02-19,214.11
2014-02-20,209.29
2014-02-21,211.84
2014-02-24,214.5
2014-02-25,209.48
2014-02-26,209.41
2014-02-27,208.5
2014-02-28,211.19
2014-03-03,205.67
2014-03-04,207.5
2014-03-05,204.92
2014-03-06,204.42
2014-03-07,205.99
2014-03-11,203.34
2014-03-12,196.0
2014-03-13,189.75
2014-03-14,188.0
2014-03-17,194.29
2014-03-18,197.52
2014-03-19,191.98
2014-03-20,193.01
2014-03-21,195.63
2014-03-24,188.18
2014-03-25,190.97
2014-03-26,194.87
2014-03-27,197.7
2014-03-28,199.0
2014-03-31,200.0
2014-04-01,201.14
2014-04-02,199.5
2014-04-03,198.9
2014-04-04,204.15
2014-04-07,203.0
2014-04-08,209.02
2014-04-09,212.63
2014-04-10,219.0
2014-04-11,217.0
2014-04-14,213.8
2014-04-15,209.1
2014-04-16,208.0
2014-04-17,208.5
2014-04-18,211.99
2014-04-21,209.25
2014-04-22,209.36
2014-04-23,209.75
2014-04-24,208.51
2014-04-25,205.78
2014-04-28,207.33
2014-04-29,206.89
2014-04-30,203.39
2014-05-02,201.93
2014-05-05,202.0
2014-05-06,204.68
2014-05-07,210.34
2014-05-08,209.58
2014-05-12,210.87
2014-05-13,209.88
2014-05-14,213.91
2014-05-15,209.18
2014-05-16,209.0
2014-05-19,213.51
2014-05-20,218.0
2014-05-21,221.32
2014-05-22,221.0
2014-05-23,217.94
2014-05-26,219.22
2014-05-27,210.79
2014-05-28,210.97
2014-05-29,210.2
2014-05-30,202.1
2014-06-02,208.6
2014-06-03,210.6
2014-06-04,210.47
2014-06-05,208.79
2014-06-06,209.55
2014-06-09,207.63
2014-06-10,211.0
2014-06-11,213.0
2014-06-16,219.25
2014-06-17,222.77
2014-06-18,224.7
2014-06-19,224.64
2014-06-20,223.63
2014-06-23,225.95
2014-06-24,229.82
2014-06-25,224.92
2014-06-26,221.14
2014-06-27,222.48
2014-06-30,221.88
2014-07-01,222.0
2014-07-02,228.45
2014-07-03,226.56
2014-07-04,222.05
2014-07-07,229.2
2014-07-08,230.5
2014-07-09,228.0
2014-07-10,225.91
2014-07-11,228.89
2014-07-14,231.0
2014-07-15,222.37
2014-07-16,224.0
2014-07-17,219.88
2014-07-18,216.96
2014-07-21,215.28
2014-07-22,220.2
2014-07-23,220.72
2014-07-24,224.9
2014-07-25,224.48
2014-07-28,217.2
2014-07-29,218.48
2014-07-30,216.25
2014-07-31,212.9
2014-08-01,211.9
2014-08-04,215.0
2014-08-05,209.75
2014-08-06,209.5
2014-08-07,208.2
2014-08-08,208.33
2014-08-11,214.3
2014-08-12,216.0
2014-08-13,220.7
2014-08-14,221.8
2014-08-15,222.64
2014-08-18,223.4
2014-08-19,223.8
2014-08-20,228.15
2014-08-21,234.31
2014-08-22,229.75
2014-08-25,232.23
2014-08-26,232.8
2014-08-27,233.8
2014-08-28,232.75
2014-08-29,228.0
2014-09-01,227.3
2014-09-02,229.5
2014-09-03,235.45
2014-09-04,240.98
2014-09-05,242.7
2014-09-08,246.19
2014-09-09,244.26
2014-09-10,240.55
2014-09-11,234.55
2014-09-12,234.9
2014-09-15,239.67
2014-09-16,239.0
2014-09-17,239.87
2014-09-18,237.21
2014-09-19,230.89
2014-09-22,227.65
2014-09-23,235.6
2014-09-24,237.5
2014-09-25,235.75
2014-09-26,235.97
2014-09-29,231.75
2014-09-30,232.0
2014-10-01,230.0
2014-10-02,225.95
2014-10-03,226.0
2014-10-06,235.75
2014-10-07,235.75
2014-10-08,230.95
2014-10-09,228.05
2014-10-10,226.0
2014-10-13,230.0
2014-10-14,229.45
2014-10-15,224.9
2014-10-16,219.7
2014-10-17,224.45
2014-10-20,222.5
2014-10-21,221.5
2014-10-22,219.4
2014-10-23,220.75
2014-10-24,221.0
2014-10-27,224.15
2014-10-28,228.0
2014-10-29,242.3
2014-10-30,244.55
2014-10-31,259.8
2014-11-03,257.25
2014-11-05,249.0
2014-11-06,253.15
2014-11-07,255.5
2014-11-10,257.5
2014-11-11,260.05
2014-11-12,253.95
2014-11-13,247.4
2014-11-14,249.4
2014-11-17,254.2
2014-11-18,250.35
2014-11-19,252.0
2014-11-20,260.5
2014-11-21,252.2
2014-11-24,249.5
2014-11-25,245.75
2014-11-26,248.5
2014-11-27,253.95
2014-11-28,248.65
2014-12-01,260.0
2014-12-02,257.85
2014-12-03,258.5
2014-12-04,254.3
2014-12-05,242.4
2014-12-08,238.7
2014-12-09,243.75
2014-12-10,242.0
2014-12-11,235.6
2014-12-12,231.5
2014-12-15,221.85
2014-12-16,225.4
2014-12-17,210.65
2014-12-18,224.5
2014-12-19,214.1
2014-12-22,219.5
2014-12-23,214.1
2014-12-24,219.65
2014-12-25,225.35
2014-12-26,238.2
2014-12-29,246.45
2014-12-30,228.5
2015-01-05,238.0
2015-01-06,228.75
2015-01-08,245.0
2015-01-09,234.05
2015-01-12,228.25
2015-01-13,234.7
2015-01-14,244.55
2015-01-15,251.3
2015-01-16,260.0
2015-01-19,261.0
2015-01-20,257.0
2015-01-21,275.0
2015-01-22,287.3
2015-01-23,297.95
2015-01-26,285.65
2015-01-27,297.9
2015-01-28,289.0
2015-01-29,280.1
2015-01-30,270.15
2015-02-02,285.0
2015-02-03,294.0
2015-02-04,301.0
2015-02-05,319.35
2015-02-06,335.5
2015-02-09,324.0
2015-02-10,320.55
2015-02-11,320.5
2015-02-12,340.0
2015-02-13,353.0
2015-02-16,335.0
2015-02-17,338.6
2015-02-18,335.15
2015-02-19,343.3
2015-02-20,345.8
2015-02-24,340.0
2015-02-25,326.6
2015-02-26,327.55
2015-02-27,316.0
2015-03-02,330.95
2015-03-03,333.55
2015-03-04,319.0
2015-03-05,313.4
2015-03-06,298.2
2015-03-10,283.65
2015-03-11,285.9
2015-03-12,284.85
2015-03-13,277.95
2015-03-16,272.0
2015-03-17,271.45
2015-03-18,281.45
2015-03-19,288.45
2015-03-20,294.25
2015-03-23,282.5
2015-03-24,281.0
2015-03-25,277.5
2015-03-26,269.5
2015-03-27,267.0
2015-03-30,278.9
2015-03-31,287.0
2015-04-01,300.1
2015-04-02,301.5
2015-04-03,299.0
2015-04-06,307.45
2015-04-07,305.5
2015-04-08,303.0
2015-04-09,297.95
2015-04-10,297.2
2015-04-13,303.0
2015-04-14,301.0
2015-04-15,303.05
2015-04-16,313.0
2015-04-17,292.2
2015-04-20,301.2
2015-04-21,304.5
2015-04-22,295.85
2015-04-23,304.45
2015-04-24,297.0
2015-04-27,306.8
2015-04-28,309.9
2015-04-29,296.75
2015-04-30,292.35
2015-05-05,303.75
2015-05-06,309.9
2015-05-07,301.3
2015-05-08,303.25
2015-05-12,308.85
2015-05-13,303.2
2015-05-14,298.55
2015-05-15,296.7
2015-05-18,293.75
2015-05-19,294.95
2015-05-20,294.15
2015-05-21,297.85
2015-05-22,302.6
2015-05-25,297.3
2015-05-26,292.0
2015-05-27,297.0
2015-05-28,300.8
2015-05-29,280.2
2015-06-01,290.4
2015-06-02,294.25
2015-06-03,293.25
2015-06-04,297.0
2015-06-05,300.9
2015-06-08,292.0
2015-06-09,294.95
2015-06-10,294.6
2015-06-11,296.9
2015-06-15,298.25
2015-06-16,298.3
2015-06-17,296.25
2015-06-18,295.3
2015-06-19,290.4
2015-06-22,295.2
2015-06-23,293.0
2015-06-24,295.25
2015-06-25,291.35
2015-06-26,296.55
2015-06-29,294.95
2015-06-30,296.5
2015-07-01,294.8
2015-07-02,297.85
2015-07-03,297.65
2015-07-06,298.5
2015-07-07,296.95
2015-07-08,281.7
2015-07-09,290.9
2015-07-10,289.5
2015-07-13,295.05
2015-07-14,294.65
2015-07-15,299.0
2015-07-16,297.15
2015-07-17,295.0
2015-07-20,290.9
2015-07-21,296.35
2015-07-22,294.15
2015-07-23,287.3
2015-07-24,278.05
2015-07-27,278.8
2015-07-28,288.5
2015-07-29,284.2
2015-07-30,284.4
2015-07-31,301.85
2015-08-03,303.9
2015-08-04,306.6
2015-08-05,315.0
2015-08-06,303.6
2015-08-07,304.3
2015-08-10,308.95
2015-08-11,307.5
2015-08-12,308.1
2015-08-13,314.0
2015-08-14,314.4
2015-08-17,316.5
2015-08-18,315.55
2015-08-19,306.6
2015-08-20,309.0
2015-08-21,293.6
2015-08-24,291.25
2015-08-25,288.45
2015-08-26,292.05
2015-08-27,306.0
2015-08-28,313.0
2015-08-31,323.0
2015-09-01,310.0
2015-09-02,305.05
2015-09-03,309.0
2015-09-04,304.9
2015-09-07,304.95
2015-09-08,307.1
2015-09-09,308.5
2015-09-10,311.0
2015-09-11,308.2
2015-09-14,315.4
2015-09-15,315.0
2015-09-16,323.6
2015-09-17,327.3
2015-09-18,322.0
2015-09-21,315.0
2015-09-22,305.6
2015-09-23,301.0
2015-09-24,298.35
2015-09-25,307.0
2015-09-28,300.05
2015-09-29,299.9
2015-09-30,308.55
2015-10-01,306.65
2015-10-02,300.85
2015-10-05,316.9
2015-10-06,323.75
2015-10-07,328.9
2015-10-08,323.2
2015-10-09,333.0
2015-10-12,325.0
2015-10-13,332.65
2015-10-14,328.5
2015-10-15,329.1
2015-10-16,328.0
2015-10-19,331.25
2015-10-20,332.6
2015-10-21,327.0
2015-10-22,328.35
2015-10-23,333.8
2015-10-26,333.5
2015-10-27,345.0
2015-10-28,342.4
2015-10-29,334.95
2015-10-30,328.8
2015-11-02,336.2
2015-11-03,344.2
2015-11-05,346.0
2015-11-06,348.0
2015-11-09,346.4
2015-11-10,346.95
2015-11-11,345.0
2015-11-12,340.1
2015-11-13,335.5
2015-11-16,336.25
2015-11-17,340.2
2015-11-18,342.4
2015-11-19,349.1
2015-11-20,349.85
2015-11-23,354.45
2015-11-24,345.0
2015-11-25,345.9
2015-11-26,344.3
2015-11-27,336.9
2015-11-30,314.05
2015-12-01,323.0
2015-12-02,321.5
2015-12-03,316.9
2015-12-04,312.0
2015-12-07,308.8
2015-12-08,304.9
2015-12-09,311.6
2015-12-10,314.2
2015-12-11,310.0
2015-12-14,303.8
2015-12-15,316.6
2015-12-16,313.4
2015-12-17,318.0
2015-12-18,303.0
2015-12-21,306.0
2015-12-22,306.9
2015-12-23,308.7
2015-12-24,313.55
2015-12-25,311.9
2015-12-28,312.35
2015-12-29,322.65
2015-12-30,317.6
2016-01-04,307.05
2016-01-05,314.0
2016-01-06,316.0
2016-01-11,303.1
2016-01-12,305.7
2016-01-13,301.35
2016-01-14,300.65
2016-01-15,284.05
2016-01-18,284.65
2016-01-19,296.7
2016-01-20,290.0
2016-01-21,294.6
2016-01-22,319.9
2016-01-25,319.85
2016-01-26,308.05
2016-01-27,314.0
2016-01-28,326.5
2016-01-29,339.55
2016-02-01,332.0
2016-02-02,324.95
2016-02-03,317.45
2016-02-04,340.55
2016-02-05,335.3
2016-02-08,326.4
2016-02-09,325.5
2016-02-10,322.05
2016-02-11,313.0
2016-02-12,326.3
2016-02-15,327.35
2016-02-16,327.7
2016-02-17,327.9
2016-02-18,327.1
2016-02-19,318.3
2016-02-20,317.1
2016-02-22,322.3
2016-02-24,312.9
2016-02-25,318.0
2016-02-26,319.35
2016-02-29,323.3
2016-03-01,329.8
2016-03-02,333.6
2016-03-03,341.0
2016-03-04,348.4
2016-03-07,355.1
2016-03-09,347.7
2016-03-10,349.6
2016-03-11,351.0
2016-03-14,341.45
2016-03-15,347.3
2016-03-16,349.0
2016-03-17,352.2
2016-03-18,364.0
2016-03-21,360.6
2016-03-22,359.5
2016-03-23,357.95
2016-03-24,348.5
2016-03-25,348.75
2016-03-28,345.0
2016-03-29,348.8
2016-03-30,357.9
2016-03-31,361.0
2016-04-01,356.0
2016-04-04,359.0
2016-04-05,351.0
2016-04-06,350.95
2016-04-07,361.8
2016-04-08,359.15
2016-04-11,359.85
2016-04-12,355.6
2016-04-13,356.8
2016-04-14,350.3
2016-04-15,348.4
2016-04-18,344.5
2016-04-19,344.0
2016-04-20,342.0
2016-04-21,333.0
2016-04-22,342.95
2016-04-25,352.8
2016-04-26,353.0
2016-04-27,353.35
2016-04-28,356.9
2016-04-29,340.95
2016-05-04,330.4
2016-05-05,323.65
2016-05-06,320.0
2016-05-10,321.2
2016-05-11,322.85
2016-05-12,320.15
2016-05-13,325.95
2016-05-16,321.2
2016-05-17,322.8
2016-05-18,325.5
2016-05-19,317.0
2016-05-20,313.5
2016-05-23,305.7
2016-05-24,304.45
2016-05-25,305.9
2016-05-26,309.9
2016-05-27,310.0
2016-05-30,313.55
2016-05-31,301.8
2016-06-01,309.55
2016-06-02,311.95
2016-06-03,314.0
2016-06-06,320.85
2016-06-07,335.0
2016-06-08,331.5
2016-06-09,319.4
2016-06-10,316.5
2016-06-14,322.0
2016-06-15,323.45
2016-06-16,321.3
2016-06-17,325.05
2016-06-20,329.25
2016-06-21,322.85
2016-06-22,327.25
2016-06-23,330.0
2016-06-24,325.65
2016-06-27,316.0
2016-06-28,322.35
2016-06-29,328.65
2016-06-30,331.5
2016-07-01,331.5
2016-07-04,327.3
2016-07-05,322.0
2016-07-06,321.15
2016-07-07,314.35
2016-07-08,311.8
2016-07-11,317.9
2016-07-12,326.35
2016-07-13,316.05
2016-07-14,318.0
2016-07-15,325.6
2016-07-18,326.35
2016-07-19,323.0
2016-07-20,317.3
2016-07-21,320.7
2016-07-22,319.0
2016-07-25,323.0
2016-07-26,317.7
2016-07-27,319.8
2016-07-28,320.95
2016-07-29,317.45
2016-08-01,320.9
2016-08-02,314.45
2016-08-03,314.05
2016-08-04,328.0
2016-08-05,328.5
2016-08-08,330.0
2016-08-09,326.75
2016-08-10,325.3
2016-08-11,326.5
2016-08-12,332.0
2016-08-15,332.6
2016-08-16,337.85
2016-08-17,334.6
2016-08-18,335.0
2016-08-19,325.6
2016-08-22,331.95
2016-08-23,328.2
2016-08-24,326.6
2016-08-25,325.5
2016-08-26,327.55
2016-08-29,326.25
2016-08-30,325.55
2016-08-31,317.75
2016-09-01,322.85
2016-09-02,321.0
2016-09-05,326.5
2016-09-06,327.65
2016-09-07,331.25
2016-09-08,329.8
2016-09-09,320.8
2016-09-12,319.25
2016-09-13,318.4
2016-09-14,313.7
2016-09-15,318.25
2016-09-16,316.7
2016-09-19,323.95
2016-09-20,324.35
2016-09-21,318.45
2016-09-22,322.45
2016-09-23,323.25
2016-09-26,319.15
2016-09-27,316.8
2016-09-28,319.5
2016-09-29,325.85
2016-09-30,320.25
2016-10-03,320.65
2016-10-04,324.45
2016-10-05,326.1
2016-10-06,326.85
2016-10-07,326.85
2016-10-10,325.85
2016-10-11,327.95
2016-10-12,326.9
2016-10-13,330.6
2016-10-14,328.5
2016-10-17,329.05
2016-10-18,333.8
2016-10-19,331.4
2016-10-20,331.5
2016-10-21,331.3
2016-10-24,331.0
2016-10-25,338.95
2016-10-26,332.6
2016-10-27,334.45
2016-10-28,338.4
2016-10-31,355.0
2016-11-01,362.55
2016-11-02,355.9
2016-11-03,355.0
2016-11-07,355.9
2016-11-08,353.8
2016-11-09,364.6
2016-11-10,375.0
2016-11-11,357.45
2016-11-14,361.0
2016-11-15,363.7
2016-11-16,381.95
2016-11-17,399.55
2016-11-18,386.8
2016-11-21,398.0
2016-11-22,385.85
2016-11-23,392.4
2016-11-24,389.6
2016-11-25,386.1
2016-11-28,391.0
2016-11-29,384.0
2016-11-30,388.3
2016-12-01,398.5
2016-12-02,397.8
2016-12-05,413.7
2016-12-06,422.95
2016-12-07,423.5
2016-12-08,417.8
2016-12-09,417.3
2016-12-12,394.0
2016-12-13,405.95
2016-12-14,395.0
2016-12-15,405.0
2016-12-16,403.35
2016-12-19,398.8
2016-12-20,410.0
2016-12-21,410.95
2016-12-22,399.85
2016-12-23,394.65
2016-12-26,397.55
2016-12-27,402.95
2016-12-28,410.3
2016-12-29,420.4
2016-12-30,427.0
2017-01-03,445.2
2017-01-04,446.4
2017-01-05,424.25
2017-01-06,423.45
2017-01-09,425.8
2017-01-10,428.6
2017-01-11,431.25
2017-01-12,438.0
2017-01-13,433.1
2017-01-16,427.25
2017-01-17,423.05
2017-01-18,420.0
2017-01-19,412.15
2017-01-20,411.15
2017-01-23,401.8
2017-01-24,411.7
2017-01-25,409.8
2017-01-26,429.95
2017-01-27,435.0
2017-01-30,421.0
2017-01-31,406.7
2017-02-01,408.8
2017-02-02,404.9
2017-02-03,404.4
2017-02-06,401.95
2017-02-07,399.0
2017-02-08,406.0
2017-02-09,398.95
2017-02-10,398.3
2017-02-13,395.45
2017-02-14,385.2
2017-02-15,377.5
2017-02-16,380.5
2017-02-17,367.1
2017-02-20,365.0
2017-02-21,366.15
2017-02-22,364.5
2017-02-24,360.0
2017-02-27,351.9
2017-02-28,340.95
2017-03-01,355.95
2017-03-02,365.0
2017-03-03,364.0
2017-03-06,370.0
2017-03-07,354.95
2017-03-09,342.7
2017-03-10,341.1
2017-03-13,363.4
2017-03-14,365.4
2017-03-15,356.0
2017-03-16,371.0
2017-03-17,368.7
2017-03-20,364.45
2017-03-21,364.7
2017-03-22,365.5
2017-03-23,359.95
2017-03-24,349.0
2017-03-27,347.35
2017-03-28,351.9
2017-03-29,354.0
2017-03-30,359.9
2017-03-31,347.65
2017-04-03,351.0
2017-04-04,352.35
2017-04-05,369.85
2017-04-06,369.45
2017-04-07,357.7
2017-04-10,343.3
2017-04-11,342.15
2017-04-12,334.95
2017-04-13,330.0
2017-04-14,325.0
2017-04-17,329.0
2017-04-18,323.25
2017-04-19,326.65
2017-04-20,324.45
2017-04-21,326.85
2017-04-24,331.6
2017-04-25,335.1
2017-04-26,339.8
2017-04-27,361.2
2017-04-28,377.0
2017-05-02,371.35
2017-05-03,361.0
2017-05-04,368.25
2017-05-05,368.3
2017-05-10,373.5
2017-05-11,372.35
2017-05-12,375.5
2017-05-15,386.5
2017-05-16,384.0
2017-05-17,393.5
2017-05-18,392.8
2017-05-19,392.25
2017-05-22,389.35
2017-05-23,392.0
2017-05-24,400.0
2017-05-25,389.5
2017-05-26,388.0
2017-05-29,388.8
2017-05-30,387.0
2017-05-31,384.5
2017-06-01,378.45
2017-06-02,380.3
2017-06-05,376.3
2017-06-06,363.4
2017-06-07,358.0
2017-06-08,359.9
2017-06-09,360.0
2017-06-13,360.3
2017-06-14,365.65
2017-06-15,365.0
2017-06-16,350.1
2017-06-19,368.55
2017-06-20,369.0
2017-06-21,376.4
2017-06-22,373.1
2017-06-23,371.85
2017-06-26,370.0
2017-06-27,372.25
2017-06-28,380.9
2017-06-29,378.85
2017-06-30,375.6
2017-07-03,389.15
2017-07-04,383.4
2017-07-05,388.5
2017-07-06,370.95
2017-07-07,369.1
2017-07-10,365.5
2017-07-11,367.05
2017-07-12,374.0
2017-07-13,377.8
2017-07-14,378.0
2017-07-17,377.3
2017-07-18,371.75
2017-07-19,386.5
2017-07-20,386.7
2017-07-21,385.1
2017-07-24,386.75
2017-07-25,380.2
2017-07-26,389.8
2017-07-27,388.1
2017-07-28,379.0
2017-07-31,390.1
2017-08-01,389.8
2017-08-02,392.0
2017-08-03,392.6
2017-08-04,382.95
2017-08-07,387.0
2017-08-08,401.0
2017-08-09,389.9
2017-08-10,388.15
2017-08-11,379.45
2017-08-14,377.0
2017-08-15,377.35
2017-08-16,379.25
2017-08-17,381.5
2017-08-18,380.95
2017-08-21,375.5
2017-08-22,381.25
2017-08-23,382.15
2017-08-24,383.2
2017-08-25,385.5
2017-08-28,388.0
2017-08-29,382.85
2017-08-30,381.55
2017-08-31,388.0
2017-09-01,386.15
2017-09-04,385.4
2017-09-05,386.0
2017-09-06,392.5
2017-09-07,389.4
2017-09-08,395.85
2017-09-11,391.05
2017-09-12,391.35
2017-09-13,384.5
2017-09-14,391.05
2017-09-15,396.6
2017-09-18,395.5
2017-09-19,391.05
2017-09-20,399.95
2017-09-21,409.4
2017-09-22,402.35
2017-09-25,412.1
2017-09-26,405.7
2017-09-27,410.95
2017-09-28,411.65
2017-09-29,411.25
2017-10-02,403.15
2017-10-03,404.85
2017-10-04,414.8
2017-10-05,419.95
2017-10-06,425.0
2017-10-09,421.1
2017-10-10,424.35
2017-10-11,427.9
2017-10-12,428.6
2017-10-13,430.2
2017-10-16,429.75
2017-10-17,425.3
2017-10-18,421.05
2017-10-19,415.55
2017-10-20,424.85
2017-10-23,418.95
2017-10-24,422.6
2017-10-25,412.0
2017-10-26,408.35
2017-10-27,419.85
2017-10-30,424.3
2017-10-31,436.0
2017-11-01,444.4
2017-11-02,439.0
2017-11-03,437.5
2017-11-07,491.95
2017-11-08,490.0
2017-11-09,491.35
2017-11-10,487.0
2017-11-13,484.3
2017-11-14,487.5
2017-11-15,479.6
2017-11-16,471.0
2017-11-17,468.85
2017-11-20,471.0
2017-11-21,492.35
2017-11-22,488.95
2017-11-23,483.95
2017-11-24,479.5
2017-11-27,483.9
2017-11-28,480.0
2017-11-29,467.65
2017-11-30,456.7
2017-12-01,459.75
2017-12-04,511.45
2017-12-05,506.7
2017-12-06,510.9
2017-12-07,507.0
2017-12-08,503.1
2017-12-11,516.95
2017-12-12,517.0
2017-12-13,503.0
2017-12-14,492.8
2017-12-15,487.55
2017-12-18,503.0
2017-12-19,491.65
2017-12-20,477.3
2017-12-21,471.95
2017-12-22,481.6
2017-12-25,481.75
2017-12-26,483.0
2017-12-27,482.4
2017-12-28,477.95
2017-12-29,478.8
2018-01-03,486.8
2018-01-04,502.0
2018-01-05,500.9
2018-01-09,511.3
2018-01-10,510.3
2018-01-11,508.95
2018-01-12,515.55
2018-01-15,518.15
2018-01-16,528.95
2018-01-17,546.0
2018-01-18,560.0
2018-01-19,551.2
2018-01-22,567.15
2018-01-23,564.4
2018-01-24,569.7
2018-01-25,573.8
2018-01-26,580.0
2018-01-29,578.6
2018-01-30,565.4
2018-01-31,565.2
2018-02-01,578.65
2018-02-02,579.0
2018-02-05,564.4
2018-02-06,542.7
2018-02-07,563.1
2018-02-08,555.5
2018-02-09,536.7
2018-02-12,536.0
2018-02-13,549.75
2018-02-14,554.0
2018-02-15,560.0
2018-02-16,569.0
2018-02-19,569.05
2018-02-20,574.8
2018-02-21,586.3
2018-02-22,599.5
2018-02-26,602.0
2018-02-27,606.2
2018-02-28,594.0
2018-03-01,594.8
2018-03-02,595.0
2018-03-05,600.4
2018-03-06,604.0
2018-03-07,595.25
2018-03-09,604.0
2018-03-12,606.8
2018-03-13,606.5
2018-03-14,602.95
2018-03-15,606.7
2018-03-16,613.25
2018-03-19,611.0
2018-03-20,620.0
2018-03-21,618.8
2018-03-22,616.75
2018-03-23,618.35
2018-03-26,603.5
2018-03-27,605.5
2018-03-28,604.0
2018-03-29,615.0
2018-03-30,611.6
2018-04-02,598.3
2018-04-03,604.95
2018-04-04,599.75
2018-04-05,614.55
2018-04-06,610.0
2018-04-09,596.7
2018-04-10,641.1
2018-04-11,650.25
2018-04-12,655.65
2018-04-13,647.75
2018-04-16,650.0
2018-04-17,657.0
2018-04-18,660.55
2018-04-19,660.0
2018-04-20,657.1
2018-04-23,659.45
2018-04-24,661.0
2018-04-25,666.0
2018-04-26,680.0
2018-04-27,685.25
2018-04-28,680.7
2018-04-30,671.05
2018-05-02,671.0
2018-05-03,650.0
2018-05-04,659.35
2018-05-07,654.15
2018-05-08,666.95
2018-05-10,671.8
2018-05-11,677.55
2018-05-14,685.25
2018-05-15,679.55
2018-05-16,676.0
2018-05-17,672.1
2018-05-18,681.5
2018-05-21,685.0
2018-05-22,676.05
2018-05-23,664.3
2018-05-24,664.0
2018-05-25,667.6
2018-05-28,663.35
2018-05-29,675.95
2018-05-30,669.5
2018-05-31,666.5
2018-06-01,665.55
2018-06-04,670.45
2018-06-05,673.85
2018-06-06,668.5
2018-06-07,668.0
2018-06-08,653.3
2018-06-09,656.35
2018-06-11,653.0
2018-06-13,655.0
2018-06-14,642.05
2018-06-15,650.0
2018-06-18,641.0
2018-06-19,646.05
2018-06-20,655.0
2018-06-21,661.45
2018-06-22,656.65
2018-06-25,672.65
2018-06-26,660.45
2018-06-27,674.15
2018-06-28,658.0
2018-06-29,675.95
2018-07-02,677.2
2018-07-03,678.0
2018-07-04,684.15
2018-07-05,686.0
2018-07-06,678.75
2018-07-09,689.95
2018-07-10,699.9
2018-07-11,694.0
2018-07-12,697.05
2018-07-13,703.7
2018-07-16,699.7
2018-07-17,690.05
2018-07-18,701.45
2018-07-19,704.95
2018-07-20,700.0
2018-07-23,693.2
2018-07-24,691.7
2018-07-25,705.0
2018-07-26,710.7
2018-07-27,707.8
2018-07-30,718.0
2018-07-31,721.4
2018-08-01,728.9
2018-08-02,723.1
2018-08-03,730.0
2018-08-06,731.9
2018-08-07,732.8
2018-08-08,740.0
2018-08-09,747.5
2018-08-10,752.0
2018-08-13,758.5
2018-08-14,752.6
2018-08-15,753.5
2018-08-16,742.0
2018-08-17,740.0
2018-08-20,751.0
2018-08-21,757.8
2018-08-22,764.8
2018-08-23,760.5
2018-08-24,774.9
2018-08-27,783.1
2018-08-28,784.8
2018-08-29,794.9
2018-08-30,795.9
2018-08-31,783.1
2018-09-03,788.3
2018-09-04,787.0
2018-09-05,779.8
2018-09-06,785.6
2018-09-07,785.5
2018-09-10,813.0
2018-09-11,813.1
2018-09-12,798.8
2018-09-13,796.1
2018-09-14,794.0
2018-09-17,784.9
2018-09-18,786.8
2018-09-19,783.9
2018-09-20,783.1
2018-09-21,795.5
2018-09-24,784.1
2018-09-25,818.1
2018-09-26,813.3
2018-09-27,837.0
2018-09-28,835.4
2018-10-01,833.2
2018-10-02,813.8
2018-10-03,826.3
2018-10-04,819.6
2018-10-05,810.1
2018-10-08,821.4
2018-10-09,823.9
2018-10-10,823.8
2018-10-11,778.3
2018-10-12,790.0
2018-10-15,789.7
2018-10-16,786.4
2018-10-17,790.5
2018-10-18,779.0
2018-10-19,776.0
2018-10-22,776.9
2018-10-23,765.5
2018-10-24,776.6
2018-10-25,776.5
2018-10-26,762.1
2018-10-29,762.9
2018-10-30,754.9
2018-10-31,784.4
2018-11-01,779.0
2018-11-02,792.7
2018-11-06,802.2
2018-11-07,814.1
2018-11-08,819.2
2018-11-09,813.4
2018-11-12,812.3
2018-11-13,793.0
2018-11-14,762.5
2018-11-15,752.3
2018-11-16,760.8
2018-11-19,763.6
2018-11-20,750.8
2018-11-21,758.3
2018-11-22,755.0
2018-11-23,726.7
2018-11-26,705.7
2018-11-27,705.0
2018-11-28,725.6
2018-11-29,714.0
2018-11-30,712.7
2018-12-03,743.8
2018-12-04,771.3
2018-12-05,778.7
2018-12-06,765.0
2018-12-07,776.0
2018-12-10,759.9
2018-12-11,760.0
2018-12-12,738.7
2018-12-13,736.0
2018-12-14,726.4
2018-12-17,727.0
2018-12-18,719.6
2018-12-19,714.3
2018-12-20,714.7
2018-12-21,710.0
2018-12-24,703.0
2018-12-25,696.8
2018-12-26,712.0
2018-12-27,717.0
2018-12-28,737.8
2018-12-29,737.9
2019-01-03,731.8
2019-01-04,737.7
2019-01-08,723.2
2019-01-09,717.9
2019-01-10,732.6
2019-01-11,730.3
2019-01-14,725.0
2019-01-15,721.0
2019-01-16,722.0
2019-01-17,734.1
2019-01-18,741.0
2019-01-21,735.4
2019-01-22,750.5
2019-01-23,784.0
2019-01-24,772.9
2019-01-25,798.9
2019-01-28,791.4
2019-01-29,798.8
2019-01-30,806.9
2019-01-31,806.9
2019-02-01,808.1
2019-02-04,803.2
2019-02-05,810.0
2019-02-06,804.0
2019-02-07,804.7
2019-02-08,787.3
2019-02-11,780.0
2019-02-12,784.5
2019-02-13,761.6
2019-02-14,763.9
2019-02-15,790.3
2019-02-18,778.5
2019-02-19,772.8
2019-02-20,793.6
2019-02-21,796.0
2019-02-22,799.9
2019-02-25,787.1
2019-02-26,789.9
2019-02-27,794.9
2019-02-28,776.1
2019-03-01,775.2
2019-03-04,770.1
2019-03-05,760.0
2019-03-06,766.0
2019-03-07,755.2
2019-03-11,747.0
2019-03-12,732.5
2019-03-13,729.0
2019-03-14,731.8
2019-03-15,743.8
2019-03-18,753.1
2019-03-19,767.0
2019-03-20,772.6
2019-03-21,768.0
2019-03-22,757.2
2019-03-25,747.2
2019-03-26,755.5
2019-03-27,746.9
2019-03-28,755.6
2019-03-29,755.0
2019-04-01,750.7
2019-04-02,742.9
2019-04-03,743.1
2019-04-04,733.1
2019-04-05,731.2
2019-04-08,754.2
2019-04-09,760.9
2019-04-10,758.8
2019-04-11,751.0
2019-04-12,750.5
2019-04-15,741.9
2019-04-16,746.9
2019-04-17,751.6
2019-04-18,749.2
2019-04-19,748.9
2019-04-22,752.0
2019-04-23,750.2
2019-04-24,743.5
2019-04-25,738.2
2019-04-26,767.3
2019-04-29,754.9
2019-04-30,757.5
2019-05-02,754.1
2019-05-03,765.5
2019-05-06,765.3
2019-05-07,750.5
2019-05-08,723.2
2019-05-10,705.1
2019-05-13,690.9
2019-05-14,706.4
2019-05-15,693.3
2019-05-16,675.9
2019-05-17,679.4
2019-05-20,681.1
2019-05-21,706.7
2019-05-22,720.0
2019-05-23,708.0
2019-05-24,696.8
2019-05-27,695.3
2019-05-28,702.8
2019-05-29,725.9
2019-05-30,754.1
2019-05-31,748.5
2019-06-03,759.9
2019-06-04,766.9
2019-06-05,755.7
2019-06-06,758.6
2019-06-07,753.6
2019-06-10,759.4
2019-06-11,777.4
2019-06-13,770.0
2019-06-14,765.0
2019-06-17,759.7
2019-06-18,775.0
2019-06-19,771.9
2019-06-20,789.4
2019-06-21,776.8
2019-06-24,769.8
2019-06-25,763.5
2019-06-26,770.0
2019-06-27,773.3
2019-06-28,774.9
2019-07-01,768.0
2019-07-02,769.4
2019-07-03,780.0
2019-07-04,760.5
2019-07-05,762.7
2019-07-08,760.9
2019-07-09,753.6
2019-07-10,748.0
2019-07-11,741.3
2019-07-12,726.9
2019-07-15,717.5
2019-07-16,730.0
2019-07-17,741.0
2019-07-18,738.0
2019-07-19,744.0
2019-07-22,733.6
2019-07-23,747.9
2019-07-24,741.3
2019-07-25,740.5
2019-07-26,734.6
2019-07-29,738.1
2019-07-30,737.5
2019-07-31,743.2
2019-08-01,755.0
2019-08-02,732.2
2019-08-05,716.4
2019-08-06,740.0
2019-08-07,727.8
2019-08-08,738.7
2019-08-09,737.3
2019-08-12,738.6
2019-08-13,729.0
2019-08-14,709.4
2019-08-15,702.5
2019-08-16,705.0
2019-08-19,712.8
2019-08-20,721.1
2019-08-21,718.6
2019-08-22,717.6
2019-08-23,718.1
2019-08-26,716.9
2019-08-27,720.0
2019-08-28,717.9
2019-08-29,723.6
2019-08-30,743.1
2019-09-02,747.7
2019-09-03,746.0
2019-09-04,740.0
2019-09-05,743.7
2019-09-06,753.0
2019-09-09,752.8
2019-09-10,746.7
2019-09-11,749.0
2019-09-12,738.6
2019-09-13,733.3
2019-09-16,759.9
2019-09-17,756.1
2019-09-18,753.0
2019-09-19,741.9
2019-09-20,748.7
2019-09-23,743.4
2019-09-24,734.3
2019-09-25,740.0
2019-09-26,704.9
2019-09-27,697.5
2019-09-30,687.4
2019-10-01,694.9
2019-10-02,688.8
2019-10-03,676.3
2019-10-04,681.5
2019-10-07,691.5
2019-10-08,688.5
2019-10-09,690.5
2019-10-10,698.4
2019-10-11,709.7
2019-10-14,700.0
2019-10-15,700.8
2019-10-16,708.9
2019-10-17,707.3
2019-10-18,706.8
2019-10-21,721.9
2019-10-22,738.0
2019-10-23,749.9
2019-10-24,759.9
2019-10-25,749.6
2019-10-28,749.9
2019-10-29,752.0
2019-10-30,759.8
2019-10-31,748.2
2019-11-01,755.4
2019-11-05,773.0
2019-11-06,787.0
2019-11-07,797.9
2019-11-08,782.2
2019-11-11,778.8
2019-11-12,777.4
2019-11-13,772.7
2019-11-14,773.9
2019-11-15,764.0
2019-11-18,753.8
2019-11-19,760.0
2019-11-20,760.0
2019-11-21,759.0
2019-11-22,761.2
2019-11-25,760.0
2019-11-26,747.1
2019-11-27,749.0
2019-11-28,747.8
2019-11-29,740.4
2019-12-02,747.9
2019-12-03,734.2
2019-12-04,740.9
2019-12-05,745.0
2019-12-06,752.3
2019-12-09,759.2
2019-12-10,751.0
2019-12-11,762.4
2019-12-12,780.6
2019-12-13,793.2
2019-12-16,788.8
2019-12-17,791.2
2019-12-18,791.5
2019-12-19,788.0
2019-12-20,780.8
2019-12-23,788.9
2019-12-24,781.5
2019-12-25,784.5
2019-12-26,789.0
2019-12-27,770.0
2019-12-30,759.7
2020-01-03,776.7
2020-01-06,776.0
2020-01-08,788.0
2020-01-09,806.7
2020-01-10,801.0
2020-01-13,806.0
2020-01-14,811.6
2020-01-15,807.0
2020-01-16,808.9
2020-01-17,809.6
2020-01-20,830.0
2020-01-21,825.0
2020-01-22,818.0
2020-01-23,800.0
2020-01-24,795.7
2020-01-27,779.8
2020-01-28,779.0
2020-01-29,780.0
2020-01-30,777.0
2020-01-31,761.0
2020-02-03,751.6
2020-02-04,764.3
2020-02-05,765.3
2020-02-06,762.9
2020-02-07,752.0
2020-02-10,741.0
2020-02-11,753.7
2020-02-12,768.2
2020-02-13,763.0
2020-02-14,763.1
2020-02-17,766.1
2020-02-18,750.8
2020-02-19,765.4
2020-02-20,764.1
2020-02-21,755.0
2020-02-25,721.4
2020-02-26,724.3
2020-02-27,691.6
2020-02-28,671.6
2020-03-02,667.9
2020-03-03,682.7
2020-03-04,695.3
2020-03-05,696.2
2020-03-06,658.5
2020-03-10,530.0
2020-03-11,527.7
2020-03-12,469.8
2020-03-13,458.7
2020-03-16,442.3
2020-03-17,422.1
2020-03-18,385.0
2020-03-19,455.9
2020-03-20,515.6
2020-03-23,503.8
2020-03-24,561.2
2020-03-25,562.2
2020-03-26,560.0
2020-03-27,530.0
2020-03-30,521.8
2020-03-31,552.6
2020-04-01,544.0
2020-04-02,585.0
2020-04-03,600.6
2020-04-06,608.9
2020-04-07,583.6
2020-04-08,598.0
2020-04-09,606.2
2020-04-10,601.4
2020-04-13,587.0
2020-04-14,554.6
2020-04-15,510.6
2020-04-16,510.4
2020-04-17,516.4
2020-04-20,488.4
2020-04-21,476.7
2020-04-22,514.4
2020-04-23,532.2
2020-04-24,521.9
2020-04-27,516.7
2020-04-28,529.8
2020-04-29,558.6
2020-04-30,550.0
2020-05-04,544.9
2020-05-05,551.6
2020-05-06,541.5
2020-05-07,544.0
2020-05-08,546.5
2020-05-12,541.9
2020-05-13,517.8
2020-05-14,522.6
2020-05-15,514.2
2020-05-18,549.0
2020-05-19,549.6
2020-05-20,566.5
2020-05-21,540.0
2020-05-22,544.0
2020-05-25,557.0
2020-05-26,559.9
2020-05-27,559.8
2020-05-28,565.0
2020-05-29,532.0
2020-06-01,542.5
2020-06-02,560.1
2020-06-03,569.0
2020-06-04,559.2
2020-06-05,569.9
2020-06-08,578.4
2020-06-09,586.5
2020-06-10,595.9
2020-06-11,577.0
2020-06-15,581.6
2020-06-16,581.0
2020-06-17,565.4
2020-06-18,576.0
2020-06-19,586.5
2020-06-22,589.1
2020-06-23,588.6
2020-06-25,584.7
2020-06-26,572.6
2020-06-29,568.4
2020-06-30,556.3
2020-07-02,567.5
2020-07-03,568.0
2020-07-06,570.6
2020-07-07,565.5
2020-07-08,560.6
2020-07-09,552.5
2020-07-10,562.7
2020-07-13,546.5
2020-07-14,547.9
2020-07-15,553.3
2020-07-16,553.6
2020-07-17,550.9
2020-07-20,554.9
2020-07-21,560.4
2020-07-22,560.9
2020-07-23,559.0
2020-07-24,564.7
2020-07-27,560.9
2020-07-28,557.0
2020-07-29,563.0
2020-07-30,558.4
2020-07-31,554.7
2020-08-03,547.2
2020-08-04,546.8
2020-08-05,558.4
2020-08-06,561.4
2020-08-07,559.4
2020-08-10,559.8
2020-08-11,581.0
2020-08-12,605.6
2020-08-13,604.9
2020-08-14,608.5
2020-08-17,600.1
2020-08-18,597.6
2020-08-19,590.9
2020-08-20,572.8
2020-08-21,566.1
2020-08-24,570.7
2020-08-25,571.0
2020-08-26,571.6
2020-08-27,561.4
2020-08-28,556.8
2020-08-31,547.8
2020-09-01,549.5
2020-09-02,545.0
2020-09-03,532.6
2020-09-04,536.4
2020-09-07,533.9
2020-09-08,523.9
2020-09-09,529.7
2020-09-10,528.0
2020-09-11,537.6
2020-09-14,538.9
2020-09-15,552.8
2020-09-16,531.4
2020-09-17,517.4
2020-09-18,507.8
2020-09-21,480.7
2020-09-22,479.7
2020-09-23,460.0
2020-09-24,467.5
2020-09-25,464.0
2020-09-28,474.5
2020-09-29,464.7
2020-09-30,463.6
2020-10-01,458.5
2020-10-02,453.1
2020-10-05,473.5
2020-10-06,472.5
2020-10-07,468.1
2020-10-08,464.5
2020-10-09,459.0
2020-10-12,453.6
2020-10-13,442.6
2020-10-14,443.4
2020-10-15,434.1
2020-10-16,429.2
2020-10-19,415.7
2020-10-20,421.2
2020-10-21,416.9
2020-10-22,424.6
2020-10-23,438.7
2020-10-26,430.1
2020-10-27,420.5
2020-10-28,401.0
2020-10-29,405.7
2020-10-30,412.6
2020-11-02,419.3
2020-11-03,430.5
2020-11-05,442.7
2020-11-06,447.6
2020-11-09,479.3
2020-11-10,501.0
2020-11-11,508.2
2020-11-12,499.8
2020-11-13,505.1
2020-11-16,510.9
2020-11-17,506.0
2020-11-18,511.2
2020-11-19,508.3
2020-11-20,511.0
2020-11-23,520.3
2020-11-24,524.8
2020-11-25,537.1
2020-11-26,524.9
2020-11-27,511.4
2020-11-30,492.3
2020-12-01,493.9
2020-12-02,509.1
2020-12-03,496.0
2020-12-04,507.7
2020-12-07,500.3
2020-12-08,497.6
2020-12-09,494.4
2020-12-10,507.3
2020-12-11,508.8
2020-12-14,514.6
2020-12-15,517.0
2020-12-16,511.5
2020-12-17,513.0
2020-12-18,506.4
2020-12-21,499.8
2020-12-22,500.5
2020-12-23,505.6
2020-12-24,505.0
2020-12-25,505.5
2020-12-28,505.9
2020-12-29,509.4
2020-12-30,513.7
2021-01-04,515.8
2021-01-05,524.2
2021-01-06,522.0
2021-01-08,545.4
2021-01-11,539.8
2021-01-12,546.2
2021-01-13,546.2
2021-01-14,551.6
2021-01-15,535.2
2021-01-18,532.9
2021-01-19,530.5
2021-01-20,529.5
2021-01-21,516.8
2021-01-22,507.0
2021-01-25,509.7
2021-01-26,506.2
2021-01-27,502.0
2021-01-28,500.0
2021-01-29,489.3
2021-02-01,494.2
2021-02-02,499.2
2021-02-03,505.5
2021-02-04,506.7
2021-02-05,513.0
2021-02-08,528.2
2021-02-09,526.6
2021-02-10,523.3
2021-02-11,517.0
2021-02-12,529.2
2021-02-15,538.2
2021-02-16,538.0
2021-02-17,529.8
2021-02-18,515.2
2021-02-19,523.8
2021-02-20,524.6
2021-02-22,527.8
2021-02-24,537.4
2021-02-25,535.5
2021-02-26,522.5
2021-03-01,528.3
2021-03-02,533.3
2021-03-03,534.8
2021-03-04,533.7
2021-03-05,567.4
2021-03-09,607.0
2021-03-10,605.3
2021-03-11,618.7
2021-03-12,623.6
2021-03-15,624.6
2021-03-16,610.0
2021-03-17,608.3
2021-03-18,583.6
2021-03-19,598.0
2021-03-22,600.7
2021-03-23,589.5
2021-03-24,605.1
2021-03-25,596.0
2021-03-26,603.4
2021-03-29,603.0
2021-03-30,596.9
2021-03-31,594.2
2021-04-01,606.0
2021-04-02,605.3
2021-04-05,596.4
2021-04-06,582.2
2021-04-07,588.0
2021-04-08,580.0
2021-04-09,565.5
2021-04-12,571.3
2021-04-13,571.0
2021-04-14,586.6
2021-04-15,584.4
2021-04-16,582.1
2021-04-19,575.7
2021-04-20,568.2
2021-04-21,569.6
2021-04-22,566.6
2021-04-23,571.3
2021-04-26,568.4
2021-04-27,568.5
2021-04-28,529.9
2021-04-29,505.2
2021-04-30,506.5
2021-05-04,514.0
2021-05-05,511.1
2021-05-06,515.8
2021-05-07,512.5
2021-05-10,517.1
2021-05-11,515.6
2021-05-12,510.6
2021-05-13,506.2
2021-05-14,500.9
2021-05-17,505.9
2021-05-18,500.4
2021-05-19,492.9
2021-05-20,483.3
2021-05-21,487.7
2021-05-24,492.8
2021-05-25,485.3
2021-05-26,486.4
2021-05-27,485.0
2021-05-28,492.5
2021-05-31,501.1
2021-06-01,510.0
2021-06-02,518.0
2021-06-03,514.2
2021-06-04,512.5
2021-06-07,517.2
2021-06-08,515.3
2021-06-09,523.8
2021-06-10,519.4
2021-06-11,523.4
2021-06-14,535.9
2021-06-15,537.1
2021-06-16,540.6
2021-06-17,535.8
2021-06-18,526.8
2021-06-21,534.8
2021-06-22,539.4
2021-06-23,540.0
2021-06-24,538.3
2021-06-25,537.1
2021-06-28,530.4
2021-06-29,523.8
2021-06-30,531.3
2021-07-01,537.0
2021-07-02,538.3
2021-07-05,542.4
2021-07-06,539.3
2021-07-07,536.4
2021-07-08,521.9
2021-07-09,519.1
2021-07-12,518.6
2021-07-13,518.9
2021-07-14,516.2
2021-07-15,499.6
2021-07-16,496.7
2021-07-19,483.4
2021-07-20,482.1
2021-07-21,491.9
2021-07-22,490.4
2021-07-23,486.0
2021-07-26,489.8
2021-07-27,487.6
2021-07-28,493.7
2021-07-29,496.0
2021-07-30,488.4
2021-08-02,491.2
2021-08-03,491.4
2021-08-04,490.6
2021-08-05,502.0
2021-08-06,494.1
2021-08-09,494.0
2021-08-10,497.3
2021-08-11,495.1
2021-08-12,498.8
2021-08-13,494.5
2021-08-16,496.6
2021-08-17,500.6
2021-08-18,494.6
2021-08-19,490.2
2021-08-20,488.7
2021-08-23,501.6
2021-08-24,514.0
2021-08-25,513.5
2021-08-26,493.0
2021-08-27,487.2
2021-08-30,489.5
2021-08-31,485.1
2021-09-01,491.5
2021-09-02,488.0
2021-09-03,489.2
2021-09-06,486.5
2021-09-07,480.1
2021-09-08,483.3
2021-09-09,479.1
2021-09-10,480.0
2021-09-13,491.4
2021-09-14,500.1
2021-09-15,510.0
2021-09-16,508.7
2021-09-17,502.0
2021-09-20,487.5
2021-09-21,493.3
2021-09-22,505.2
2021-09-23,507.3
2021-09-24,503.7
2021-09-27,531.5
2021-09-28,524.7
2021-09-29,526.9
2021-09-30,527.3
2021-10-01,532.1
2021-10-04,539.9
2021-10-05,577.8
2021-10-06,564.6
2021-10-07,569.3
2021-10-08,571.0
2021-10-11,565.0
2021-10-12,574.4
2021-10-13,567.9
2021-10-14,564.2
2021-10-15,570.5
2021-10-18,569.1
2021-10-19,573.0
2021-10-20,580.7
2021-10-21,562.9
2021-10-22,562.5
2021-10-25,570.2
2021-10-26,562.2
2021-10-27,546.0
2021-10-28,548.7
2021-10-29,540.0
2021-11-01,552.4
2021-11-02,545.2
2021-11-03,538.2
2021-11-05,543.0
2021-11-08,553.4
2021-11-09,545.0
2021-11-10,542.3
2021-11-11,546.1
2021-11-12,535.1
2021-11-15,533.2
2021-11-16,536.0
2021-11-17,529.6
2021-11-18,519.9
2021-11-19,500.3
2021-11-22,489.0
2021-11-23,497.5
2021-11-24,498.4
2021-11-25,489.6
2021-11-26,461.3
2021-11-29,470.6
2021-11-30,473.3
2021-12-01,477.9
2021-12-02,503.6
2021-12-03,495.9
2021-12-06,492.1
2021-12-07,501.1
2021-12-08,496.5
2021-12-09,493.9
2021-12-10,484.5
2021-12-13,455.6
2021-12-14,464.8
2021-12-15,479.3
2021-12-16,483.1
2021-12-17,487.6
2021-12-20,481.4
2021-12-21,484.2
2021-12-22,489.0
2021-12-23,483.9
2021-12-24,482.0
2021-12-27,490.4
2021-12-28,496.4
2021-12-29,495.0
2021-12-30,502.0
2022-01-03,515.4
2022-01-04,515.4
2022-01-05,492.6
2022-01-06,496.4
2022-01-10,499.8
2022-01-11,508.2
2022-01-12,511.2
2022-01-13,496.3
2022-01-14,498.1
2022-01-17,495.7
2022-01-18,474.0
2022-01-19,490.7
2022-01-20,478.8
2022-01-21,474.2
2022-01-24,459.2
2022-01-25,479.4
2022-01-26,468.0
2022-01-27,484.9
2022-01-28,503.6
2022-01-31,499.7
2022-02-01,491.7
2022-02-02,491.5
2022-02-03,487.9
2022-02-04,490.8
2022-02-07,492.0
2022-02-08,499.1
2022-02-09,506.5
2022-02-10,498.5
2022-02-11,478.7
2022-02-14,482.1
2022-02-15,498.5
2022-02-16,503.9
2022-02-17,491.0
2022-02-18,472.4
2022-02-21,396.0
2022-02-22,441.6
2022-02-24,309.8
2022-02-25,353.0
2022-03-24,424.0
2022-03-25,427.0
2022-03-28,399.8
2022-03-29,391.0
2022-03-30,395.3
2022-03-31,411.8
2022-04-01,407.2
2022-04-04,407.0
2022-04-05,395.0
2022-04-06,393.0
2022-04-07,391.0
2022-04-08,386.0
2022-04-11,382.8
2022-04-12,383.6
2022-04-13,385.0
2022-04-14,367.0
2022-04-15,361.0
2022-04-18,352.9
2022-04-19,340.7
2022-04-20,355.0
2022-04-21,350.0
2022-04-22,359.7
2022-04-25,355.0
2022-04-26,375.0
2022-04-27,373.3
2022-04-28,362.2
2022-04-29,386.2
2022-05-04,369.4
2022-05-05,370.3
2022-05-06,381.9
2022-05-11,378.2
2022-05-12,364.1
2022-05-13,362.0
2022-05-16,373.7
2022-05-17,392.5
2022-05-18,407.2
2022-05-19,404.0
2022-05-20,401.5
2022-05-23,372.9
2022-05-24,359.0
2022-05-25,375.0
2022-05-26,385.0
2022-05-27,391.0
2022-05-30,391.0
2022-05-31,392.0
2022-06-01,398.0
2022-06-02,390.1
2022-06-03,391.8
2022-06-06,390.0
2022-06-07,393.0
2022-06-08,405.6
2022-06-09,405.8
2022-06-10,424.5
2022-06-14,427.2
2022-06-15,424.5
2022-06-16,440.0
2022-06-17,431.0
2022-06-20,441.0
2022-06-21,440.6
2022-06-22,444.6
2022-06-23,449.0
2022-06-24,448.5
2022-06-27,458.0
2022-06-28,447.2
2022-06-29,440.8
2022-06-30,429.5
2022-07-01,422.1
2022-07-04,433.0
2022-07-05,426.0
2022-07-06,429.8
2022-07-07,407.9
2022-07-08,409.9
2022-07-11,400.0
2022-07-12,391.8
2022-07-13,375.8
2022-07-14,366.6
2022-07-15,379.9
2022-07-18,380.6
2022-07-19,374.6
2022-07-20,379.5
2022-07-21,375.7
2022-07-22,381.1
2022-07-25,383.1
2022-07-26,388.1
2022-07-27,392.3
2022-07-28,395.0
2022-07-29,409.0
2022-08-01,395.1
2022-08-02,394.3
2022-08-03,397.6
2022-08-04,403.1
2022-08-05,387.0
2022-08-08,383.7
2022-08-09,405.6
2022-08-10,415.8
2022-08-11,414.6
2022-08-12,422.6
2022-08-15,425.0
2022-08-16,437.0
2022-08-17,432.5
2022-08-18,436.0
2022-08-19,431.0
2022-08-22,443.4
2022-08-23,450.2
2022-08-24,451.0
2022-08-25,446.9
2022-08-26,450.0
2022-08-29,454.5
2022-08-30,454.2
2022-08-31,456.0
2022-09-01,442.1
2022-09-02,450.9
2022-09-05,461.1
2022-09-06,448.1
2022-09-07,437.7
2022-09-08,433.0
2022-09-09,441.8
2022-09-12,448.0
2022-09-13,441.0
2022-09-14,443.0
2022-09-15,444.8
2022-09-16,438.7
2022-09-19,438.3
2022-09-20,413.1
2022-09-21,379.7
2022-09-22,395.9
2022-09-23,381.3
2022-09-26,345.0
2022-09-27,361.1
2022-09-28,359.4
2022-09-29,352.1
2022-09-30,362.1
2022-10-03,383.8
2022-10-04,381.3
2022-10-05,382.7
2022-10-06,391.7
2022-10-07,365.8
2022-10-10,353.2
2022-10-11,353.0
2022-10-12,351.4
2022-10-13,353.0
2022-10-14,351.8
2022-10-17,365.6
2022-10-18,357.7
2022-10-19,359.6
2022-10-20,362.1
2022-10-21,362.4
2022-10-24,372.0
2022-10-25,382.7
2022-10-26,380.9
2022-10-27,382.6
2022-10-28,384.9
2022-10-31,387.4
2022-11-01,388.0
2022-11-02,383.0
2022-11-03,385.3
2022-11-07,393.4
2022-11-08,391.9
2022-11-09,386.5
2022-11-10,388.3
2022-11-11,385.1
2022-11-14,384.4
2022-11-15,375.5
2022-11-16,383.2
2022-11-17,378.0
2022-11-18,376.2
2022-11-21,368.8
2022-11-22,369.7
2022-11-23,368.3
2022-11-24,367.3
2022-11-25,366.4
2022-11-28,367.6
2022-11-29,367.8
2022-11-30,366.0
2022-12-01,363.9
2022-12-02,361.1
2022-12-05,362.7
2022-12-06,361.7
2022-12-07,361.6
2022-12-08,361.0
2022-12-09,364.5
2022-12-12,360.1
2022-12-13,358.4
2022-12-14,356.8
2022-12-15,351.8
2022-12-16,354.4
2022-12-19,348.5
2022-12-20,354.6
2022-12-21,351.1
2022-12-22,350.5
2022-12-23,349.4
2022-12-26,350.8
2022-12-27,348.9
2022-12-28,346.8
2022-12-29,349.0
2022-12-30,348.5
2023-01-03,351.6
2023-01-04,350.8
2023-01-05,349.4
2023-01-06,350.6
2023-01-09,346.7
2023-01-10,345.7
2023-01-11,346.0
2023-01-12,345.5
2023-01-13,345.4
2023-01-16,345.7
2023-01-17,341.8
2023-01-18,339.0
2023-01-19,335.2
2023-01-20,333.7
2023-01-23,334.7
2023-01-24,333.7
2023-01-25,334.4
2023-01-26,333.3
2023-01-27,333.0
2023-01-30,332.7
2023-01-31,328.8
2023-02-01,328.5
2023-02-02,326.6
2023-02-03,323.9
2023-02-06,325.5
2023-02-07,323.8
2023-02-08,324.2
2023-02-09,324.4
2023-02-10,323.5
2023-02-13,325.3
2023-02-14,326.4
2023-02-15,313.8
2023-02-16,315.6
2023-02-17,316.6
2023-02-20,314.1
2023-02-21,315.8
2023-02-22,313.4
2023-02-24,312.6
2023-02-27,316.1
2023-02-28,328.3
2023-03-01,334.8
2023-03-02,330.2
2023-03-03,334.9
2023-03-06,337.6
2023-03-07,336.0
2023-03-09,335.2
2023-03-10,333.3
2023-03-13,334.7
2023-03-14,339.0
2023-03-15,337.6
2023-03-16,336.3
2023-03-17,347.8
2023-03-20,355.0
2023-03-21,350.8
2023-03-22,350.4
2023-03-23,344.6
2023-03-24,349.3
2023-03-27,363.4
2023-03-28,367.1
2023-03-29,367.8
2023-03-30,375.2
2023-03-31,373.7
2023-04-03,386.8
2023-04-04,382.7
2023-04-05,387.3
2023-04-06,389.5
2023-04-07,396.2
2023-04-10,402.8
2023-04-11,393.8
2023-04-12,395.4
2023-04-13,394.5
2023-04-14,394.4
2023-04-17,399.3
2023-04-18,400.2
2023-04-19,396.4
2023-04-20,407.3
2023-04-21,406.3
2023-04-24,411.7
2023-04-25,408.8
2023-04-26,407.4
2023-04-27,411.8
2023-04-28,404.0
2023-05-02,397.1
2023-05-03,381.8
2023-05-04,388.0
2023-05-05,383.0
2023-05-08,391.9
2023-05-10,402.4
2023-05-11,398.7
2023-05-12,400.7
2023-05-15,406.0
2023-05-16,406.8
2023-05-17,405.4
2023-05-18,411.7
2023-05-19,410.3
2023-05-22,416.5
2023-05-23,427.3
2023-05-24,429.4
2023-05-25,426.4
2023-05-26,429.5
2023-05-29,441.7
2023-05-30,438.9
2023-05-31,443.2
2023-06-01,450.3
2023-06-02,463.7
2023-06-05,475.0
2023-06-06,473.0
2023-06-07,470.7
2023-06-08,470.9
2023-06-09,472.4
2023-06-13,481.0
2023-06-14,488.1
2023-06-15,515.0
2023-06-16,511.7
2023-06-19,503.6
2023-06-20,503.6
2023-06-21,503.3
2023-06-22,504.3
2023-06-23,494.6
2023-06-26,498.5
2023-06-27,497.9
2023-06-28,500.0
2023-06-29,507.7
2023-06-30,505.7
2023-07-03,500.1
2023-07-04,493.4
2023-07-05,501.7
2023-07-06,499.2
2023-07-07,501.0
2023-07-10,487.9
2023-07-11,490.7
2023-07-12,495.6
2023-07-13,494.7
2023-07-14,496.0
2023-07-17,496.4
2023-07-18,497.7
2023-07-19,496.5
2023-07-20,488.6
2023-07-21,494.7
2023-07-24,498.1
2023-07-25,509.3
2023-07-26,506.4
2023-07-27,509.4
2023-07-28,516.5
2023-07-31,523.5
2023-08-01,526.5
2023-08-02,537.5
2023-08-03,547.7
2023-08-04,541.9
2023-08-07,548.7
2023-08-08,555.5
2023-08-09,569.5
2023-08-10,574.9
2023-08-11,577.4
2023-08-14,576.3
2023-08-15,574.0
2023-08-16,563.0
2023-08-17,568.2
2023-08-18,575.1
2023-08-21,584.6
2023-08-22,590.3
2023-08-23,575.9
2023-08-24,581.6
2023-08-25,587.7
2023-08-28,587.5
2023-08-29,586.5
2023-08-30,589.4
2023-08-31,590.2
2023-09-01,593.0
2023-09-04,602.5
2023-09-05,607.2
2023-09-06,608.8
2023-09-07,603.7
2023-09-08,595.5
2023-09-11,588.4
2023-09-12,606.6
2023-09-13,604.7
2023-09-14,602.5
2023-09-15,614.8
2023-09-18,626.2
2023-09-19,610.1
2023-09-20,611.8
2023-09-21,597.6
2023-09-22,610.8
2023-09-25,604.6
2023-09-26,603.4
2023-09-27,615.3
2023-09-28,619.4
2023-09-29,625.4
2023-10-02,639.3
2023-10-03,639.1
2023-10-04,634.2
2023-10-05,633.8
2023-10-06,638.0
2023-10-09,643.7
2023-10-10,649.5
2023-10-11,618.8
2023-10-12,617.6
2023-10-13,628.3
2023-10-16,628.9
2023-10-17,628.5
2023-10-18,632.3
2023-10-19,633.1
2023-10-20,630.4
2023-10-23,626.6
2023-10-24,625.5
2023-10-25,622.3
2023-10-26,613.6
2023-10-27,622.4
2023-10-30,621.2
2023-10-31,607.6
2023-11-01,606.3
2023-11-02,602.7
2023-11-03,601.7
2023-11-06,609.7
2023-11-07,611.2
2023-11-08,614.5
2023-11-09,615.2
2023-11-10,620.0
2023-11-13,616.3
2023-11-14,610.7
2023-11-15,611.8
2023-11-16,602.1
2023-11-17,615.5
2023-11-20,615.4
2023-11-21,634.2
2023-11-22,640.8
2023-11-23,641.1
2023-11-24,648.0
2023-11-27,638.4
2023-11-28,641.2
2023-11-29,638.7
2023-11-30,638.8
2023-12-01,632.5
2023-12-04,623.7
2023-12-05,635.2
2023-12-06,622.2
2023-12-07,626.2
2023-12-08,637.7
2023-12-11,625.0
2023-12-12,625.5
2023-12-13,628.7
2023-12-14,617.0
2023-12-15,635.3
2023-12-18,643.6
2023-12-19,653.4
2023-12-20,658.4
2023-12-21,658.5
2023-12-22,661.5
2023-12-25,676.0
2023-12-26,698.3
2023-12-27,717.7
2023-12-28,708.2
2023-12-29,710.0
2024-01-03,720.9
2024-01-04,725.9
2024-01-05,725.0
2024-01-08,722.9
2024-01-09,686.7
2024-01-10,694.0
2024-01-11,689.1
2024-01-12,697.8
2024-01-15,701.0
2024-01-16,699.2
2024-01-17,697.8
2024-01-18,698.0
2024-01-19,690.3
2024-01-22,695.5
2024-01-23,695.4
2024-01-24,691.1
2024-01-25,689.3
2024-01-26,693.5
2024-01-29,694.1
2024-01-30,692.2
2024-01-31,703.5
2024-02-01,704.4
2024-02-02,706.9
2024-02-05,709.0
2024-02-06,710.3
2024-02-07,715.0
2024-02-08,709.6
2024-02-09,712.1
2024-02-12,711.6
2024-02-13,712.1
2024-02-14,707.7
2024-02-15,709.3
2024-02-16,707.8
2024-02-19,703.5
2024-02-20,694.3
2024-02-21,688.1
2024-02-22,694.3
2024-02-26,702.5
2024-02-27,696.7
2024-02-28,705.0
2024-02-29,718.8
2024-03-01,717.3
2024-03-04,732.5
2024-03-05,730.4
2024-03-06,743.3
2024-03-07,749.3
2024-03-11,753.7
2024-03-12,753.2
2024-03-13,746.6
2024-03-14,749.2
2024-03-15,725.7
2024-03-18,714.9
2024-03-19,702.7
2024-03-20,695.7
2024-03-21,703.7
2024-03-22,694.5
2024-03-25,689.0
2024-03-26,692.8
2024-03-27,689.4
2024-03-28,687.9
2024-03-29,694.3
2024-04-01,711.5
2024-04-02,709.3
2024-04-03,707.2
2024-04-04,710.8
2024-04-05,709.1
2024-04-08,710.8
2024-04-09,706.1
2024-04-10,709.2
2024-04-11,708.9
2024-04-12,714.9
2024-04-15,736.5
2024-04-16,728.2
2024-04-17,722.6
2024-04-18,715.3
2024-04-19,716.4
2024-04-22,711.4
2024-04-23,719.6
2024-04-24,717.6
2024-04-25,722.2
2024-04-26,718.8
2024-04-27,720.5
2024-04-29,720.6
2024-04-30,718.3
2024-05-02,719.7
2024-05-03,718.4
2024-05-06,715.1
2024-05-07,718.0
2024-05-08,721.8
2024-05-10,728.9
2024-05-13,729.8
2024-05-14,731.2
2024-05-15,739.7
2024-05-16,751.9
2024-05-17,746.5
2024-05-20,733.4
2024-05-21,734.2
2024-05-22,745.8
2024-05-23,743.4
2024-05-24,732.1
2024-05-27,713.0
2024-05-28,710.8
2024-05-29,715.2
2024-05-30,702.8
2024-05-31,688.5
2024-06-03,685.5
2024-06-04,694.0
2024-06-05,691.6
2024-06-06,692.9
2024-06-07,695.7
2024-06-10,686.3
2024-06-11,693.2
2024-06-13,678.0
2024-06-14,695.3
2024-06-17,688.3
2024-06-18,679.8
2024-06-19,657.2
2024-06-20,688.0
2024-06-21,688.2
2024-06-24,681.1
2024-06-25,694.4
2024-06-26,701.5
2024-06-27,702.7
2024-06-28,699.9
2024-07-01,710.9
2024-07-02,710.4
2024-07-03,704.1
2024-07-04,699.1
2024-07-05,692.1
2024-07-08,695.3
2024-07-09,660.5
2024-07-10,635.1
2024-07-11,650.4
2024-07-12,653.9
2024-07-15,643.8
2024-07-16,648.5
2024-07-17,650.2
2024-07-18,661.7
2024-07-19,662.7
2024-07-22,663.2
2024-07-23,663.6
2024-07-24,667.5
2024-07-25,657.6
2024-07-26,650.3
2024-07-29,646.7
2024-07-30,641.6
2024-07-31,638.8
2024-08-01,630.9
2024-08-02,622.9
2024-08-05,608.8
2024-08-06,607.1
2024-08-07,623.6
2024-08-08,613.8
2024-08-09,610.0
2024-08-12,604.5
2024-08-13,609.1
2024-08-14,613.1
2024-08-15,608.5
2024-08-16,600.8
2024-08-19,591.6
2024-08-20,586.9
2024-08-21,603.5
2024-08-22,601.7
2024-08-23,596.6
2024-08-26,607.8
2024-08-27,611.6
2024-08-28,604.1
2024-08-29,599.0
2024-08-30,590.0
2024-09-02,565.0
2024-09-03,564.1
2024-09-04,583.4
2024-09-05,581.2
2024-09-06,588.9
2024-09-09,610.5
2024-09-10,595.8
2024-09-11,590.7
2024-09-12,593.4
2024-09-13,607.3
2024-09-16,621.2
2024-09-17,635.4
2024-09-18,626.8
2024-09-19,624.2
2024-09-20,631.7
2024-09-23,641.1
2024-09-24,642.0
2024-09-25,640.0
2024-09-26,639.5
2024-09-27,644.0
2024-09-30,641.4
2024-10-01,646.6
2024-10-02,649.7
2024-10-03,649.0
2024-10-04,659.1
2024-10-07,661.9
2024-10-08,622.6
2024-10-09,613.2
2024-10-10,618.8
2024-10-11,614.3
2024-10-14,610.6
2024-10-15,608.6
2024-10-16,603.1
2024-10-17,593.0
2024-10-18,595.8
2024-10-21,595.2
2024-10-22,592.9
2024-10-23,587.0
2024-10-24,586.6
2024-10-25,572.4
2024-10-28,542.4
2024-10-29,547.2
2024-10-30,538.3
2024-10-31,536.0
2024-11-01,536.0
2024-11-02,550.5
2024-11-05,548.4
2024-11-06,567.6
2024-11-07,578.0
2024-11-08,595.5
2024-11-11,592.0
2024-11-12,592.5
2024-11-13,583.2
2024-11-14,569.9
2024-11-15,576.1
2024-11-18,562.4
2024-11-19,545.2
2024-11-20,536.9
2024-11-21,543.5
2024-11-22,541.9
2024-11-25,515.3
2024-11-26,506.0
2024-11-27,519.0
2024-11-28,534.3
2024-11-29,544.9
2024-12-02,548.5
2024-12-03,538.5
2024-12-04,521.6
2024-12-05,547.5
2024-12-06,558.9
