date,SNGS
2005-01-11,20.51
2005-01-12,20.67
2005-01-13,20.464
2005-01-14,20.975
2005-01-17,20.41
2005-01-18,20.15
2005-01-19,20.32
2005-01-20,19.87
2005-01-21,19.8
2005-01-24,20.079
2005-01-25,20.5
2005-01-26,20.2
2005-01-27,20.501
2005-01-28,21.11
2005-01-31,21.07
2005-02-01,21.3
2005-02-02,21.494
2005-02-03,21.37
2005-02-04,21.5
2005-02-07,21.35
2005-02-08,21.549
2005-02-09,21.21
2005-02-10,21.374
2005-02-11,21.05
2005-02-14,21.012
2005-02-15,21.11
2005-02-16,21.1
2005-02-17,21.3
2005-02-18,21.31
2005-02-21,21.48
2005-02-22,21.287
2005-02-24,21.72
2005-02-25,22.08
2005-02-28,23.198
2005-03-01,22.853
2005-03-02,22.42
2005-03-03,22.53
2005-03-04,22.85
2005-03-05,22.96
2005-03-09,22.829
2005-03-10,22.08
2005-03-11,22.07
2005-03-14,21.53
2005-03-15,21.4
2005-03-16,20.529
2005-03-17,20.85
2005-03-18,20.479
2005-03-21,20.12
2005-03-22,20.601
2005-03-23,19.952
2005-03-24,20.598
2005-03-25,20.942
2005-03-28,20.56
2005-03-29,20.408
2005-03-30,19.97
2005-03-31,19.95
2005-04-01,20.805
2005-04-04,20.62
2005-04-05,20.831
2005-04-06,21.65
2005-04-07,21.49
2005-04-08,21.75
2005-04-11,20.985
2005-04-12,20.82
2005-04-13,20.95
2005-04-14,20.53
2005-04-15,20.3
2005-04-18,19.87
2005-04-19,20.1
2005-04-20,20.02
2005-04-21,20.157
2005-04-22,20.35
2005-04-25,20.259
2005-04-26,19.97
2005-04-27,19.69
2005-04-28,19.7
2005-04-29,19.49
2005-05-03,19.579
2005-05-04,19.62
2005-05-05,19.73
2005-05-06,19.43
2005-05-11,19.215
2005-05-12,19.25
2005-05-13,19.27
2005-05-14,19.261
2005-05-16,18.685
2005-05-17,19.179
2005-05-18,19.23
2005-05-19,19.044
2005-05-20,19.1
2005-05-23,19.18
2005-05-24,19.719
2005-05-25,19.4
2005-05-26,19.52
2005-05-27,19.438
2005-05-30,19.37
2005-05-31,19.4
2005-06-01,19.195
2005-06-02,19.72
2005-06-03,19.977
2005-06-06,20.174
2005-06-07,20.169
2005-06-08,19.75
2005-06-09,19.93
2005-06-10,20.193
2005-06-14,20.6
2005-06-15,20.67
2005-06-16,20.73
2005-06-17,21.05
2005-06-20,21.132
2005-06-21,21.1
2005-06-22,21.576
2005-06-23,21.68
2005-06-24,21.663
2005-06-27,21.45
2005-06-28,21.18
2005-06-29,21.019
2005-06-30,21.345
2005-07-01,21.712
2005-07-04,21.98
2005-07-05,22.098
2005-07-06,22.75
2005-07-07,22.454
2005-07-08,22.7
2005-07-11,22.67
2005-07-12,22.475
2005-07-13,22.762
2005-07-14,22.46
2005-07-15,22.111
2005-07-18,21.952
2005-07-19,22.138
2005-07-20,22.676
2005-07-21,22.263
2005-07-22,22.503
2005-07-25,22.597
2005-07-26,22.33
2005-07-27,22.452
2005-07-28,23.1
2005-07-29,23.299
2005-08-01,23.23
2005-08-02,23.498
2005-08-03,23.029
2005-08-04,23.206
2005-08-05,23.27
2005-08-08,23.49
2005-08-09,24.04
2005-08-10,24.27
2005-08-11,23.777
2005-08-12,23.516
2005-08-15,23.631
2005-08-16,24.13
2005-08-17,24.32
2005-08-18,23.94
2005-08-19,24.4
2005-08-22,24.693
2005-08-23,24.483
2005-08-24,24.801
2005-08-25,25.2
2005-08-26,26.029
2005-08-29,26.5
2005-08-30,26.95
2005-08-31,27.3
2005-09-01,27.53
2005-09-02,27.84
2005-09-05,27.5
2005-09-06,26.466
2005-09-07,25.963
2005-09-08,26.098
2005-09-09,26.89
2005-09-12,26.51
2005-09-13,26.1
2005-09-14,25.893
2005-09-15,26.792
2005-09-16,27.955
2005-09-19,29.888
2005-09-20,29.25
2005-09-21,30.248
2005-09-22,29.761
2005-09-23,29.95
2005-09-26,29.186
2005-09-27,30.67
2005-09-28,30.29
2005-09-29,30.4
2005-09-30,30.606
2005-10-03,31.739
2005-10-04,31.8
2005-10-05,30.265
2005-10-06,28.1
2005-10-07,28.1
2005-10-10,28.7
2005-10-11,30.0
2005-10-12,28.075
2005-10-13,27.87
2005-10-14,26.25
2005-10-17,26.3
2005-10-18,26.2
2005-10-19,24.6
2005-10-20,24.927
2005-10-21,25.037
2005-10-24,25.849
2005-10-25,25.771
2005-10-26,26.32
2005-10-27,25.39
2005-10-28,25.885
2005-10-31,26.86
2005-11-01,27.398
2005-11-02,28.45
2005-11-03,28.49
2005-11-07,28.3
2005-11-08,28.316
2005-11-09,28.695
2005-11-10,28.04
2005-11-11,28.04
2005-11-14,28.53
2005-11-15,28.081
2005-11-16,28.39
2005-11-17,28.96
2005-11-18,29.07
2005-11-21,29.8
2005-11-22,29.85
2005-11-23,30.0
2005-11-24,30.89
2005-11-25,30.5
2005-11-28,30.1
2005-11-29,29.92
2005-11-30,29.561
2005-12-01,30.45
2005-12-02,31.13
2005-12-05,31.226
2005-12-06,31.21
2005-12-07,31.512
2005-12-08,31.19
2005-12-09,31.295
2005-12-12,31.599
2005-12-13,31.123
2005-12-14,30.912
2005-12-15,30.551
2005-12-16,30.88
2005-12-19,31.031
2005-12-20,30.965
2005-12-21,31.399
2005-12-22,31.48
2005-12-23,31.099
2005-12-26,30.93
2005-12-27,30.492
2005-12-28,30.332
2005-12-29,30.75
2005-12-30,31.1
2006-01-10,35.2
2006-01-11,36.212
2006-01-12,35.84
2006-01-13,35.1
2006-01-16,36.52
2006-01-17,35.599
2006-01-18,35.47
2006-01-19,36.601
2006-01-20,37.53
2006-01-23,36.324
2006-01-24,37.16
2006-01-25,37.15
2006-01-26,38.38
2006-01-27,40.69
2006-01-30,39.23
2006-01-31,38.601
2006-02-01,39.56
2006-02-02,38.5
2006-02-03,37.9
2006-02-06,38.894
2006-02-07,38.101
2006-02-08,38.51
2006-02-09,39.3
2006-02-10,38.6
2006-02-13,38.7
2006-02-14,37.899
2006-02-15,37.99
2006-02-16,37.8
2006-02-17,40.2
2006-02-20,41.329
2006-02-21,40.801
2006-02-22,42.775
2006-02-26,45.065
2006-02-27,44.001
2006-02-28,41.09
2006-03-01,41.651
2006-03-02,43.295
2006-03-03,44.689
2006-03-06,43.4
2006-03-07,40.7
2006-03-09,40.101
2006-03-10,39.887
2006-03-13,41.35
2006-03-14,39.5
2006-03-15,39.8
2006-03-16,39.7
2006-03-17,41.8
2006-03-20,40.7
2006-03-21,39.82
2006-03-22,40.89
2006-03-23,40.79
2006-03-24,41.49
2006-03-27,41.28
2006-03-28,40.4
2006-03-29,39.678
2006-03-30,42.1
2006-03-31,42.172
2006-04-03,42.87
2006-04-04,42.76
2006-04-05,43.7
2006-04-06,44.14
2006-04-07,46.35
2006-04-10,47.097
2006-04-11,46.305
2006-04-12,47.1
2006-04-13,45.45
2006-04-14,46.488
2006-04-17,47.725
2006-04-18,48.4
2006-04-19,49.45
2006-04-20,49.201
2006-04-21,49.199
2006-04-24,49.0
2006-04-25,47.4
2006-04-26,48.297
2006-04-27,46.4
2006-04-28,47.368
2006-05-02,49.3
2006-05-03,48.95
2006-05-04,49.95
2006-05-05,49.62
2006-05-06,50.099
2006-05-10,47.2
2006-05-11,45.9
2006-05-12,44.98
2006-05-15,41.87
2006-05-16,41.4
2006-05-17,39.799
2006-05-18,38.198
2006-05-19,36.379
2006-05-22,32.47
2006-05-23,36.95
2006-05-24,35.1
2006-05-25,36.5
2006-05-26,38.998
2006-05-29,38.3
2006-05-30,38.205
2006-05-31,36.351
2006-06-01,36.42
2006-06-02,39.103
2006-06-05,39.49
2006-06-06,36.8
2006-06-07,35.292
2006-06-08,32.32
2006-06-09,32.205
2006-06-13,29.2
2006-06-14,32.5
2006-06-15,34.6
2006-06-16,33.125
2006-06-19,34.05
2006-06-20,35.25
2006-06-21,34.5
2006-06-22,32.803
2006-06-23,33.2
2006-06-26,33.921
2006-06-27,35.593
2006-06-28,36.9
2006-06-29,38.1
2006-06-30,39.9
2006-07-03,40.24
2006-07-04,40.399
2006-07-05,38.6
2006-07-06,40.59
2006-07-07,40.106
2006-07-10,40.87
2006-07-11,39.75
2006-07-12,40.089
2006-07-13,37.699
2006-07-14,38.848
2006-07-17,37.75
2006-07-18,38.809
2006-07-19,39.598
2006-07-20,39.3
2006-07-21,39.148
2006-07-24,39.5
2006-07-25,39.3
2006-07-26,39.41
2006-07-27,40.7
2006-07-28,39.975
2006-07-31,39.25
2006-08-01,39.167
2006-08-02,40.65
2006-08-03,40.839
2006-08-04,42.11
2006-08-07,41.848
2006-08-08,41.9
2006-08-09,42.35
2006-08-10,41.888
2006-08-11,42.765
2006-08-14,41.999
2006-08-15,41.395
2006-08-16,41.139
2006-08-17,40.05
2006-08-18,38.72
2006-08-21,39.31
2006-08-22,40.365
2006-08-23,40.7
2006-08-24,40.039
2006-08-25,40.8
2006-08-28,40.6
2006-08-29,39.771
2006-08-30,39.387
2006-08-31,39.055
2006-09-01,38.965
2006-09-04,39.05
2006-09-05,39.3
2006-09-06,37.61
2006-09-07,36.299
2006-09-08,36.293
2006-09-11,34.45
2006-09-12,34.44
2006-09-13,34.895
2006-09-14,35.12
2006-09-15,34.29
2006-09-18,34.97
2006-09-19,35.48
2006-09-20,34.5
2006-09-21,34.255
2006-09-22,32.995
2006-09-25,31.93
2006-09-26,33.39
2006-09-27,34.615
2006-09-28,35.35
2006-09-29,35.1
2006-10-02,35.347
2006-10-03,33.75
2006-10-04,33.2
2006-10-05,34.88
2006-10-06,34.332
2006-10-09,35.601
2006-10-10,34.95
2006-10-11,35.275
2006-10-12,34.996
2006-10-13,35.802
2006-10-16,35.902
2006-10-17,36.05
2006-10-18,36.56
2006-10-19,36.18
2006-10-20,35.4
2006-10-23,34.7
2006-10-24,34.25
2006-10-25,34.962
2006-10-26,34.84
2006-10-27,34.331
2006-10-30,33.736
2006-10-31,34.2
2006-11-01,34.811
2006-11-02,34.19
2006-11-03,34.538
2006-11-07,34.9
2006-11-08,34.75
2006-11-09,35.751
2006-11-10,36.269
2006-11-13,36.6
2006-11-14,36.02
2006-11-15,35.998
2006-11-16,36.165
2006-11-17,35.3
2006-11-20,34.403
2006-11-21,34.99
2006-11-22,34.75
2006-11-23,35.055
2006-11-24,35.017
2006-11-27,35.096
2006-11-28,35.45
2006-11-29,36.24
2006-11-30,36.189
2006-12-01,35.95
2006-12-04,36.368
2006-12-05,38.55
2006-12-06,39.3
2006-12-07,39.405
2006-12-08,39.24
2006-12-11,38.6
2006-12-12,38.69
2006-12-13,38.547
2006-12-14,38.463
2006-12-15,38.567
2006-12-18,38.505
2006-12-19,37.887
2006-12-20,38.3
2006-12-21,39.4
2006-12-22,38.3
2006-12-25,37.99
2006-12-26,38.407
2006-12-27,38.604
2006-12-28,39.5
2006-12-29,40.15
2007-01-09,36.56
2007-01-10,36.7
2007-01-11,36.85
2007-01-12,36.449
2007-01-15,37.3
2007-01-16,36.37
2007-01-17,35.629
2007-01-18,34.0
2007-01-19,33.0
2007-01-22,33.15
2007-01-23,33.1
2007-01-24,31.85
2007-01-25,32.32
2007-01-26,33.13
2007-01-29,32.6
2007-01-30,32.41
2007-01-31,31.95
2007-02-01,32.96
2007-02-02,33.02
2007-02-05,33.917
2007-02-06,34.0
2007-02-07,33.595
2007-02-08,32.25
2007-02-09,32.93
2007-02-12,31.555
2007-02-13,32.05
2007-02-14,31.85
2007-02-15,31.58
2007-02-16,32.201
2007-02-19,32.65
2007-02-20,31.847
2007-02-21,32.25
2007-02-22,33.2
2007-02-26,33.7
2007-02-27,32.029
2007-02-28,31.3
2007-03-01,29.6
2007-03-02,30.113
2007-03-05,28.148
2007-03-06,28.5
2007-03-07,28.46
2007-03-09,29.032
2007-03-12,28.43
2007-03-13,28.65
2007-03-14,27.95
2007-03-15,29.653
2007-03-16,29.739
2007-03-19,30.28
2007-03-20,29.14
2007-03-21,30.38
2007-03-22,31.14
2007-03-23,32.301
2007-03-26,32.32
2007-03-27,31.6
2007-03-28,32.741
2007-03-29,33.195
2007-03-30,32.701
2007-04-02,32.4
2007-04-03,31.35
2007-04-04,31.176
2007-04-05,31.243
2007-04-06,31.251
2007-04-09,31.552
2007-04-10,32.25
2007-04-11,31.74
2007-04-12,31.3
2007-04-13,31.58
2007-04-16,32.488
2007-04-17,31.79
2007-04-18,31.52
2007-04-19,31.15
2007-04-20,32.38
2007-04-23,32.3
2007-04-24,33.299
2007-04-25,33.7
2007-04-26,33.45
2007-04-27,33.399
2007-04-28,33.9
2007-05-02,32.9
2007-05-03,33.47
2007-05-04,33.3
2007-05-07,33.074
2007-05-08,33.0
2007-05-10,32.83
2007-05-11,31.32
2007-05-14,31.689
2007-05-15,30.74
2007-05-16,31.176
2007-05-17,30.87
2007-05-18,31.37
2007-05-21,31.65
2007-05-22,31.85
2007-05-23,30.65
2007-05-24,30.15
2007-05-25,29.34
2007-05-28,28.435
2007-05-29,27.8
2007-05-30,27.649
2007-05-31,28.25
2007-06-01,29.18
2007-06-04,28.812
2007-06-05,28.929
2007-06-06,28.7
2007-06-07,28.259
2007-06-08,28.251
2007-06-09,28.092
2007-06-13,28.65
2007-06-14,29.45
2007-06-15,29.18
2007-06-18,29.622
2007-06-19,29.39
2007-06-20,30.1
2007-06-21,29.22
2007-06-22,29.2
2007-06-25,28.639
2007-06-26,28.55
2007-06-27,27.987
2007-06-28,28.105
2007-06-29,27.9
2007-07-02,28.848
2007-07-03,29.201
2007-07-04,29.25
2007-07-05,30.419
2007-07-06,30.614
2007-07-09,30.635
2007-07-10,29.799
2007-07-11,30.185
2007-07-12,31.17
2007-07-13,31.061
2007-07-16,31.098
2007-07-17,30.889
2007-07-18,30.16
2007-07-19,30.9
2007-07-20,30.355
2007-07-23,30.3
2007-07-24,29.67
2007-07-25,30.413
2007-07-26,29.014
2007-07-27,28.996
2007-07-30,29.05
2007-07-31,29.24
2007-08-01,28.501
2007-08-02,28.85
2007-08-03,28.57
2007-08-06,28.349
2007-08-07,28.45
2007-08-08,29.38
2007-08-09,28.602
2007-08-10,29.15
2007-08-13,30.443
2007-08-14,30.988
2007-08-15,30.13
2007-08-16,29.497
2007-08-17,30.82
2007-08-20,30.33
2007-08-21,29.633
2007-08-22,30.289
2007-08-23,29.84
2007-08-24,30.55
2007-08-27,32.618
2007-08-28,31.799
2007-08-29,31.24
2007-08-30,31.37
2007-08-31,32.16
2007-09-03,32.12
2007-09-04,31.74
2007-09-05,31.8
2007-09-06,31.9
2007-09-07,31.077
2007-09-10,31.4
2007-09-11,31.6
2007-09-12,31.35
2007-09-13,31.77
2007-09-14,31.55
2007-09-17,31.4
2007-09-18,31.539
2007-09-19,32.309
2007-09-20,32.2
2007-09-21,32.499
2007-09-24,33.239
2007-09-25,32.942
2007-09-26,33.897
2007-09-27,34.15
2007-09-28,33.9
2007-10-01,33.599
2007-10-02,34.141
2007-10-03,33.87
2007-10-04,33.71
2007-10-05,33.7
2007-10-08,33.43
2007-10-09,33.344
2007-10-10,32.97
2007-10-11,32.963
2007-10-12,32.64
2007-10-15,32.62
2007-10-16,32.271
2007-10-17,32.15
2007-10-18,31.887
2007-10-19,31.801
2007-10-22,31.45
2007-10-23,31.489
2007-10-24,31.191
2007-10-25,31.57
2007-10-26,32.365
2007-10-29,32.795
2007-10-30,32.297
2007-10-31,32.301
2007-11-01,31.92
2007-11-02,31.58
2007-11-06,31.771
2007-11-07,31.65
2007-11-08,31.63
2007-11-09,30.412
2007-11-12,30.149
2007-11-13,30.225
2007-11-14,30.14
2007-11-15,29.864
2007-11-16,29.719
2007-11-19,29.168
2007-11-20,29.25
2007-11-21,28.721
2007-11-22,28.65
2007-11-23,28.56
2007-11-26,28.821
2007-11-27,28.374
2007-11-28,28.7
2007-11-29,28.45
2007-11-30,28.399
2007-12-03,28.33
2007-12-04,28.23
2007-12-05,29.25
2007-12-06,29.13
2007-12-07,30.38
2007-12-10,30.85
2007-12-11,30.68
2007-12-12,31.18
2007-12-13,30.879
2007-12-14,30.349
2007-12-17,30.155
2007-12-18,30.57
2007-12-19,30.36
2007-12-20,31.143
2007-12-21,31.199
2007-12-24,31.31
2007-12-25,31.18
2007-12-26,30.469
2007-12-27,29.91
2007-12-28,29.501
2008-01-09,30.501
2008-01-10,30.43
2008-01-11,30.4
2008-01-14,30.692
2008-01-15,30.4
2008-01-16,28.74
2008-01-17,28.15
2008-01-18,27.7
2008-01-21,25.2
2008-01-22,23.85
2008-01-23,22.25
2008-01-24,24.0
2008-01-25,25.48
2008-01-28,24.275
2008-01-29,24.561
2008-01-30,24.002
2008-01-31,22.79
2008-02-01,23.531
2008-02-04,23.581
2008-02-05,22.6
2008-02-06,22.26
2008-02-07,21.8
2008-02-08,21.2
2008-02-11,22.34
2008-02-12,23.0
2008-02-13,23.387
2008-02-14,23.2
2008-02-15,22.7
2008-02-18,22.999
2008-02-19,23.151
2008-02-20,22.595
2008-02-21,23.25
2008-02-22,23.31
2008-02-25,23.296
2008-02-26,23.335
2008-02-27,22.872
2008-02-28,22.6
2008-02-29,22.1
2008-03-03,21.27
2008-03-04,21.0
2008-03-05,21.966
2008-03-06,21.961
2008-03-07,21.851
2008-03-11,23.05
2008-03-12,23.33
2008-03-13,22.739
2008-03-14,22.47
2008-03-17,21.6
2008-03-18,21.9
2008-03-19,21.651
2008-03-20,21.153
2008-03-21,21.279
2008-03-24,21.763
2008-03-25,21.314
2008-03-26,21.141
2008-03-27,21.9
2008-03-28,22.138
2008-03-31,22.039
2008-04-01,22.5
2008-04-02,22.7
2008-04-03,22.78
2008-04-04,23.158
2008-04-07,23.5
2008-04-08,22.83
2008-04-09,23.201
2008-04-10,23.3
2008-04-11,22.885
2008-04-14,22.699
2008-04-15,23.14
2008-04-16,23.4
2008-04-17,23.244
2008-04-18,23.63
2008-04-21,23.56
2008-04-22,23.69
2008-04-23,23.6
2008-04-24,23.05
2008-04-25,23.4
2008-04-28,23.65
2008-04-29,23.19
2008-04-30,23.069
2008-05-04,23.365
2008-05-05,23.113
2008-05-06,23.077
2008-05-07,23.365
2008-05-08,24.692
2008-05-12,25.449
2008-05-13,26.37
2008-05-14,29.189
2008-05-15,28.455
2008-05-16,29.249
2008-05-19,29.3
2008-05-20,28.876
2008-05-21,29.703
2008-05-22,29.099
2008-05-23,29.23
2008-05-26,28.829
2008-05-27,27.64
2008-05-28,27.7
2008-05-29,28.12
2008-05-30,29.097
2008-06-02,28.728
2008-06-03,28.71
2008-06-04,27.52
2008-06-05,27.84
2008-06-06,28.28
2008-06-07,27.507
2008-06-09,27.73
2008-06-10,27.33
2008-06-11,27.729
2008-06-16,27.71
2008-06-17,27.985
2008-06-18,27.821
2008-06-19,27.98
2008-06-20,27.58
2008-06-23,27.005
2008-06-24,26.301
2008-06-25,26.35
2008-06-26,26.149
2008-06-27,26.2
2008-06-30,25.92
2008-07-01,24.64
2008-07-02,24.81
2008-07-03,24.74
2008-07-04,24.363
2008-07-07,24.75
2008-07-08,24.325
2008-07-09,24.074
2008-07-10,24.289
2008-07-11,23.65
2008-07-14,24.697
2008-07-15,24.141
2008-07-16,23.941
2008-07-17,24.668
2008-07-18,23.229
2008-07-21,23.12
2008-07-22,22.71
2008-07-23,22.53
2008-07-24,22.182
2008-07-25,20.696
2008-07-28,20.07
2008-07-29,19.922
2008-07-30,20.949
2008-07-31,20.719
2008-08-01,20.43
2008-08-04,20.235
2008-08-05,19.36
2008-08-06,19.763
2008-08-07,19.8
2008-08-08,18.5
2008-08-11,18.72
2008-08-12,19.367
2008-08-13,18.95
2008-08-14,19.801
2008-08-15,20.05
2008-08-18,20.049
2008-08-19,18.229
2008-08-20,18.501
2008-08-21,18.68
2008-08-22,18.4
2008-08-25,17.28
2008-08-26,17.001
2008-08-27,16.82
2008-08-28,17.85
2008-08-29,17.5
2008-09-01,18.05
2008-09-02,18.351
2008-09-03,17.767
2008-09-04,17.115
2008-09-05,16.106
2008-09-08,16.82
2008-09-09,15.399
2008-09-10,14.419
2008-09-11,13.88
2008-09-12,14.54
2008-09-15,13.183
2008-09-16,10.65
2008-09-17,10.39
2008-09-19,15.101
2008-09-22,15.15
2008-09-23,14.13
2008-09-24,14.29
2008-09-25,13.845
2008-09-26,13.899
2008-09-29,13.4
2008-09-30,13.44
2008-10-01,13.879
2008-10-02,13.446
2008-10-03,13.03
2008-10-06,10.42
2008-10-07,10.3
2008-10-08,8.701
2008-10-09,10.402
2008-10-13,13.75
2008-10-14,14.721
2008-10-15,13.5
2008-10-16,12.85
2008-10-17,12.9
2008-10-20,13.418
2008-10-21,13.8
2008-10-22,13.401
2008-10-23,13.6
2008-10-24,12.999
2008-10-28,14.0
2008-10-29,14.902
2008-10-30,17.66
2008-10-31,17.5
2008-11-01,17.701
2008-11-05,17.93
2008-11-06,16.151
2008-11-07,16.45
2008-11-10,17.0
2008-11-11,15.16
2008-11-13,13.809
2008-11-14,14.39
2008-11-17,13.811
2008-11-18,15.71
2008-11-19,15.15
2008-11-20,14.369
2008-11-21,14.055
2008-11-24,18.1
2008-11-25,18.153
2008-11-26,17.121
2008-11-27,17.94
2008-11-28,17.6
2008-12-01,15.815
2008-12-02,16.94
2008-12-03,16.099
2008-12-04,15.645
2008-12-05,15.55
2008-12-08,17.15
2008-12-09,16.6
2008-12-10,16.755
2008-12-11,16.77
2008-12-12,17.001
2008-12-15,17.5
2008-12-16,17.995
2008-12-17,18.102
2008-12-18,16.511
2008-12-19,16.501
2008-12-22,17.551
2008-12-23,18.5
2008-12-24,17.972
2008-12-25,17.1
2008-12-26,16.679
2008-12-29,16.0
2008-12-30,16.55
2008-12-31,16.55
2009-01-11,15.885
2009-01-12,15.644
2009-01-13,15.015
2009-01-14,13.88
2009-01-15,13.998
2009-01-16,14.02
2009-01-19,13.75
2009-01-20,13.495
2009-01-21,14.083
2009-01-22,13.61
2009-01-23,13.73
2009-01-26,15.15
2009-01-27,14.639
2009-01-28,15.197
2009-01-29,15.34
2009-01-30,15.362
2009-02-02,16.0
2009-02-03,15.899
2009-02-04,16.665
2009-02-05,16.507
2009-02-06,17.7
2009-02-09,18.8
2009-02-10,20.47
2009-02-11,20.899
2009-02-12,19.798
2009-02-13,21.47
2009-02-16,20.926
2009-02-17,17.65
2009-02-18,17.103
2009-02-19,17.811
2009-02-20,17.4
2009-02-24,18.015
2009-02-25,18.111
2009-02-26,19.29
2009-02-27,20.199
2009-03-02,19.566
2009-03-03,20.301
2009-03-04,22.175
2009-03-05,22.19
2009-03-06,23.584
2009-03-10,25.486
2009-03-11,24.765
2009-03-12,23.399
2009-03-13,24.35
2009-03-16,24.44
2009-03-17,25.0
2009-03-18,23.452
2009-03-19,24.795
2009-03-20,23.023
2009-03-23,23.777
2009-03-24,22.92
2009-03-25,22.811
2009-03-26,22.611
2009-03-27,21.52
2009-03-30,21.5
2009-03-31,21.22
2009-04-01,21.35
2009-04-02,22.525
2009-04-03,22.518
2009-04-06,21.791
2009-04-07,22.291
2009-04-08,22.825
2009-04-09,23.651
2009-04-10,23.61
2009-04-13,22.905
2009-04-14,24.16
2009-04-15,23.232
2009-04-16,23.39
2009-04-17,24.69
2009-04-20,23.649
2009-04-21,23.339
2009-04-22,23.8
2009-04-23,24.151
2009-04-24,24.019
2009-04-27,23.46
2009-04-28,22.851
2009-04-29,24.038
2009-04-30,23.5
2009-05-04,24.274
2009-05-05,24.0
2009-05-06,23.959
2009-05-07,24.8
2009-05-08,25.3
2009-05-12,26.2
2009-05-13,25.358
2009-05-14,26.06
2009-05-15,25.437
2009-05-18,25.057
2009-05-19,24.777
2009-05-20,25.524
2009-05-21,24.069
2009-05-22,24.5
2009-05-25,24.374
2009-05-26,23.856
2009-05-27,24.17
2009-05-28,24.902
2009-05-29,25.847
2009-06-01,26.646
2009-06-02,25.833
2009-06-03,24.7
2009-06-04,25.197
2009-06-05,25.315
2009-06-08,25.162
2009-06-09,24.425
2009-06-10,24.7
2009-06-11,25.52
2009-06-15,23.7
2009-06-16,24.088
2009-06-17,23.6
2009-06-18,23.008
2009-06-19,23.894
2009-06-22,22.8
2009-06-23,22.049
2009-06-24,22.27
2009-06-25,21.539
2009-06-26,21.349
2009-06-29,21.943
2009-06-30,21.068
2009-07-01,22.135
2009-07-02,21.514
2009-07-03,21.48
2009-07-06,20.514
2009-07-07,21.097
2009-07-08,20.05
2009-07-09,19.729
2009-07-10,19.255
2009-07-13,20.12
2009-07-14,19.804
2009-07-15,20.7
2009-07-16,20.7
2009-07-17,21.802
2009-07-20,21.586
2009-07-21,22.522
2009-07-22,21.969
2009-07-23,22.852
2009-07-24,23.312
2009-07-27,23.6
2009-07-28,23.32
2009-07-29,23.5
2009-07-30,24.552
2009-07-31,24.367
2009-08-03,25.603
2009-08-04,25.74
2009-08-05,26.072
2009-08-06,25.679
2009-08-07,25.69
2009-08-10,24.65
2009-08-11,23.73
2009-08-12,24.42
2009-08-13,24.429
2009-08-14,23.999
2009-08-17,22.94
2009-08-18,22.868
2009-08-19,23.609
2009-08-20,24.25
2009-08-21,25.611
2009-08-24,26.434
2009-08-25,26.775
2009-08-26,26.4
2009-08-27,26.1
2009-08-28,26.951
2009-08-31,26.045
2009-09-01,25.781
2009-09-02,24.929
2009-09-03,24.9
2009-09-04,24.66
2009-09-07,24.78
2009-09-08,25.889
2009-09-09,26.5
2009-09-10,26.291
2009-09-11,26.601
2009-09-14,27.205
2009-09-15,28.049
2009-09-16,27.9
2009-09-17,27.148
2009-09-18,27.67
2009-09-21,26.08
2009-09-22,26.251
2009-09-23,25.6
2009-09-24,24.815
2009-09-25,24.443
2009-09-28,25.619
2009-09-29,26.059
2009-09-30,25.712
2009-10-01,25.823
2009-10-02,24.755
2009-10-05,24.9
2009-10-06,25.76
2009-10-07,26.203
2009-10-08,27.056
2009-10-09,27.299
2009-10-12,28.5
2009-10-13,27.693
2009-10-14,28.781
2009-10-15,28.562
2009-10-16,28.175
2009-10-19,29.098
2009-10-20,28.785
2009-10-21,29.051
2009-10-22,28.837
2009-10-23,28.949
2009-10-26,28.863
2009-10-27,28.047
2009-10-28,26.64
2009-10-29,27.05
2009-10-30,25.576
2009-11-02,26.466
2009-11-03,25.348
2009-11-05,25.85
2009-11-06,25.08
2009-11-09,26.375
2009-11-10,27.207
2009-11-11,26.586
2009-11-12,26.477
2009-11-13,26.02
2009-11-16,27.27
2009-11-17,27.355
2009-11-18,27.285
2009-11-19,26.6
2009-11-20,26.3
2009-11-23,27.7
2009-11-24,27.411
2009-11-25,27.2
2009-11-26,25.751
2009-11-27,26.199
2009-11-30,25.89
2009-12-01,26.9
2009-12-02,26.823
2009-12-03,26.367
2009-12-04,26.901
2009-12-07,26.6
2009-12-08,26.54
2009-12-09,26.452
2009-12-10,26.511
2009-12-11,26.347
2009-12-14,26.401
2009-12-15,26.615
2009-12-16,27.959
2009-12-17,27.402
2009-12-18,27.425
2009-12-21,27.069
2009-12-22,26.468
2009-12-23,26.311
2009-12-24,26.111
2009-12-25,26.299
2009-12-28,26.5
2009-12-29,26.962
2009-12-30,26.6
2009-12-31,26.814
2010-01-11,28.289
2010-01-12,27.563
2010-01-13,27.739
2010-01-14,27.679
2010-01-15,27.487
2010-01-18,27.987
2010-01-19,27.85
2010-01-20,27.439
2010-01-21,27.142
2010-01-22,26.604
2010-01-25,26.41
2010-01-26,25.82
2010-01-27,25.45
2010-01-28,26.052
2010-01-29,25.655
2010-02-01,25.382
2010-02-02,25.771
2010-02-03,25.73
2010-02-04,25.338
2010-02-05,24.7
2010-02-08,24.399
2010-02-09,24.431
2010-02-10,24.2
2010-02-11,24.354
2010-02-12,23.901
2010-02-15,24.496
2010-02-16,24.995
2010-02-17,24.702
2010-02-18,24.451
2010-02-19,25.009
2010-02-24,24.8
2010-02-25,24.184
2010-02-26,24.689
2010-02-27,24.4
2010-03-01,25.19
2010-03-02,25.18
2010-03-03,25.55
2010-03-04,25.859
2010-03-05,26.203
2010-03-09,26.1
2010-03-10,25.908
2010-03-11,25.45
2010-03-12,25.82
2010-03-15,25.702
2010-03-16,25.869
2010-03-17,25.849
2010-03-18,26.0
2010-03-19,27.97
2010-03-22,27.778
2010-03-23,28.03
2010-03-24,27.88
2010-03-25,28.195
2010-03-26,28.129
2010-03-29,29.28
2010-03-30,29.113
2010-03-31,28.89
2010-04-01,29.349
2010-04-02,29.025
2010-04-05,29.199
2010-04-06,29.56
2010-04-07,29.11
2010-04-08,28.776
2010-04-09,29.101
2010-04-12,29.001
2010-04-13,29.001
2010-04-14,29.329
2010-04-15,29.5
2010-04-16,28.95
2010-04-19,28.8
2010-04-20,28.82
2010-04-21,29.2
2010-04-22,28.799
2010-04-23,29.145
2010-04-26,29.2
2010-04-27,28.97
2010-04-28,28.42
2010-04-29,28.749
2010-04-30,29.0
2010-05-04,28.48
2010-05-05,28.571
2010-05-06,28.94
2010-05-07,27.711
2010-05-11,28.989
2010-05-12,29.449
2010-05-13,29.351
2010-05-14,28.599
2010-05-17,28.855
2010-05-18,28.444
2010-05-19,27.002
2010-05-20,26.052
2010-05-21,26.062
2010-05-24,26.898
2010-05-25,24.75
2010-05-26,25.555
2010-05-27,27.75
2010-05-28,27.399
2010-05-31,28.39
2010-06-01,27.39
2010-06-02,28.551
2010-06-03,28.57
2010-06-04,27.612
2010-06-07,27.501
2010-06-08,27.09
2010-06-09,27.444
2010-06-10,28.871
2010-06-11,29.203
2010-06-15,29.321
2010-06-16,28.794
2010-06-17,28.471
2010-06-18,28.675
2010-06-21,29.472
2010-06-22,28.93
2010-06-23,29.399
2010-06-24,28.999
2010-06-25,28.6
2010-06-28,28.889
2010-06-29,28.327
2010-06-30,27.9
2010-07-01,26.589
2010-07-02,27.341
2010-07-05,27.5
2010-07-06,27.955
2010-07-07,27.702
2010-07-08,27.64
2010-07-09,27.677
2010-07-12,28.026
2010-07-13,28.13
2010-07-14,28.391
2010-07-15,27.896
2010-07-16,27.646
2010-07-19,27.846
2010-07-20,27.888
2010-07-21,29.055
2010-07-22,29.509
2010-07-23,29.856
2010-07-26,30.537
2010-07-27,30.707
2010-07-28,30.247
2010-07-29,30.8
2010-07-30,30.792
2010-08-02,31.207
2010-08-03,30.479
2010-08-04,30.565
2010-08-05,30.46
2010-08-06,30.211
2010-08-09,30.373
2010-08-10,29.675
2010-08-11,29.302
2010-08-12,28.98
2010-08-13,28.701
2010-08-16,28.3
2010-08-17,28.486
2010-08-18,28.347
2010-08-19,27.968
2010-08-20,27.54
2010-08-23,27.7
2010-08-24,27.197
2010-08-25,27.8
2010-08-26,27.822
2010-08-27,28.338
2010-08-30,28.304
2010-08-31,28.948
2010-09-01,29.617
2010-09-02,29.9
2010-09-03,30.31
2010-09-06,30.179
2010-09-07,30.451
2010-09-08,30.603
2010-09-09,30.59
2010-09-10,30.709
2010-09-13,30.864
2010-09-14,30.765
2010-09-15,30.75
2010-09-16,30.097
2010-09-17,29.48
2010-09-20,29.631
2010-09-21,29.56
2010-09-22,29.189
2010-09-23,28.712
2010-09-24,28.51
2010-09-27,28.94
2010-09-28,28.75
2010-09-29,28.95
2010-09-30,29.311
2010-10-01,29.449
2010-10-04,29.9
2010-10-05,30.06
2010-10-06,29.962
2010-10-07,29.905
2010-10-08,30.043
2010-10-11,30.111
2010-10-12,30.259
2010-10-13,30.643
2010-10-14,30.34
2010-10-15,30.087
2010-10-18,30.146
2010-10-19,30.099
2010-10-20,29.737
2010-10-21,30.073
2010-10-22,29.851
2010-10-25,29.955
2010-10-26,30.203
2010-10-27,29.95
2010-10-28,29.77
2010-10-29,30.27
2010-11-01,30.601
2010-11-02,30.514
2010-11-03,30.427
2010-11-08,30.621
2010-11-09,30.68
2010-11-10,30.7
2010-11-11,30.422
2010-11-12,29.966
2010-11-13,29.667
2010-11-15,29.976
2010-11-16,29.817
2010-11-17,29.628
2010-11-18,29.62
2010-11-19,29.851
2010-11-22,29.885
2010-11-23,29.7
2010-11-24,29.651
2010-11-25,29.799
2010-11-26,29.729
2010-11-29,29.691
2010-11-30,29.603
2010-12-01,30.028
2010-12-02,30.42
2010-12-03,30.531
2010-12-06,30.906
2010-12-07,30.51
2010-12-08,29.982
2010-12-09,30.201
2010-12-10,30.126
2010-12-13,30.171
2010-12-14,30.322
2010-12-15,30.458
2010-12-16,30.231
2010-12-17,30.54
2010-12-20,30.57
2010-12-21,30.679
2010-12-22,30.916
2010-12-23,31.098
2010-12-24,30.95
2010-12-27,30.85
2010-12-28,30.725
2010-12-29,31.429
2010-12-30,32.25
2011-01-11,34.984
2011-01-12,36.13
2011-01-13,35.227
2011-01-14,35.289
2011-01-17,35.296
2011-01-18,34.88
2011-01-19,34.799
2011-01-20,34.182
2011-01-21,34.459
2011-01-24,33.751
2011-01-25,33.059
2011-01-26,33.697
2011-01-27,33.613
2011-01-28,33.699
2011-01-31,33.409
2011-02-01,33.65
2011-02-02,33.498
2011-02-03,32.82
2011-02-04,33.399
2011-02-07,33.16
2011-02-08,32.204
2011-02-09,32.295
2011-02-10,31.152
2011-02-11,31.804
2011-02-14,31.8
2011-02-15,31.633
2011-02-16,31.803
2011-02-17,31.501
2011-02-18,31.389
2011-02-21,32.625
2011-02-22,31.959
2011-02-24,33.006
2011-02-25,33.077
2011-02-28,33.23
2011-03-01,33.168
2011-03-02,33.331
2011-03-03,32.98
2011-03-04,33.157
2011-03-05,33.215
2011-03-09,33.08
2011-03-10,32.324
2011-03-11,32.467
2011-03-14,32.077
2011-03-15,30.839
2011-03-16,30.19
2011-03-17,30.25
2011-03-18,29.375
2011-03-21,29.777
2011-03-22,29.62
2011-03-23,30.406
2011-03-24,30.461
2011-03-25,30.39
2011-03-28,30.296
2011-03-29,29.887
2011-03-30,30.27
2011-03-31,30.816
2011-04-01,31.155
2011-04-04,31.251
2011-04-05,31.97
2011-04-06,31.942
2011-04-07,31.48
2011-04-08,31.525
2011-04-11,31.39
2011-04-12,30.441
2011-04-13,30.402
2011-04-14,29.618
2011-04-15,29.424
2011-04-18,28.38
2011-04-19,29.031
2011-04-20,29.96
2011-04-21,29.741
2011-04-22,29.72
2011-04-25,29.482
2011-04-26,29.38
2011-04-27,29.305
2011-04-28,29.269
2011-04-29,28.7
2011-05-03,27.957
2011-05-04,27.828
2011-05-05,27.592
2011-05-06,27.8
2011-05-10,27.943
2011-05-11,27.9
2011-05-12,27.041
2011-05-13,26.699
2011-05-16,26.083
2011-05-17,26.15
2011-05-18,26.649
2011-05-19,26.881
2011-05-20,26.569
2011-05-23,26.3
2011-05-24,26.565
2011-05-25,26.81
2011-05-26,26.24
2011-05-27,26.601
2011-05-30,26.632
2011-05-31,26.661
2011-06-01,26.922
2011-06-02,27.15
2011-06-03,26.55
2011-06-06,26.551
2011-06-07,26.824
2011-06-08,26.78
2011-06-09,27.167
2011-06-10,27.24
2011-06-14,27.26
2011-06-15,27.435
2011-06-16,27.4
2011-06-17,27.777
2011-06-20,27.285
2011-06-21,27.236
2011-06-22,27.25
2011-06-23,26.9
2011-06-24,27.439
2011-06-27,27.299
2011-06-28,27.516
2011-06-29,27.65
2011-06-30,27.571
2011-07-01,28.288
2011-07-04,28.34
2011-07-05,28.149
2011-07-06,28.09
2011-07-07,28.924
2011-07-08,28.911
2011-07-11,28.099
2011-07-12,27.857
2011-07-13,28.12
2011-07-14,27.996
2011-07-15,27.752
2011-07-18,27.6
2011-07-19,27.758
2011-07-20,27.8
2011-07-21,27.93
2011-07-22,28.401
2011-07-25,28.46
2011-07-26,28.271
2011-07-27,27.939
2011-07-28,28.4
2011-07-29,27.771
2011-08-01,28.198
2011-08-02,28.055
2011-08-03,26.85
2011-08-04,26.553
2011-08-05,25.948
2011-08-08,24.8
2011-08-09,23.738
2011-08-10,22.617
2011-08-11,22.091
2011-08-12,22.412
2011-08-15,23.788
2011-08-16,23.35
2011-08-17,24.093
2011-08-18,22.849
2011-08-19,22.72
2011-08-22,23.459
2011-08-23,23.53
2011-08-24,23.649
2011-08-25,23.112
2011-08-26,23.196
2011-08-29,23.808
2011-08-30,23.945
2011-08-31,24.5
2011-09-01,24.924
2011-09-02,24.041
2011-09-05,23.23
2011-09-06,23.314
2011-09-07,24.127
2011-09-08,24.35
2011-09-09,23.488
2011-09-12,22.882
2011-09-13,23.289
2011-09-14,23.692
2011-09-15,25.078
2011-09-16,25.34
2011-09-19,25.74
2011-09-20,26.435
2011-09-21,26.19
2011-09-22,24.462
2011-09-23,24.196
2011-09-26,25.45
2011-09-27,25.602
2011-09-28,25.743
2011-09-29,26.297
2011-09-30,26.2
2011-10-03,26.448
2011-10-04,25.879
2011-10-05,25.217
2011-10-06,25.7
2011-10-07,25.223
2011-10-10,25.58
2011-10-11,25.722
2011-10-12,25.89
2011-10-13,25.45
2011-10-14,25.55
2011-10-17,24.601
2011-10-18,25.047
2011-10-19,24.647
2011-10-20,24.467
2011-10-21,24.899
2011-10-24,25.18
2011-10-25,24.972
2011-10-26,25.857
2011-10-27,26.306
2011-10-28,26.42
2011-10-31,26.211
2011-11-01,25.871
2011-11-02,26.501
2011-11-03,26.685
2011-11-07,26.825
2011-11-08,26.83
2011-11-09,26.162
2011-11-10,27.43
2011-11-11,27.363
2011-11-14,27.81
2011-11-15,28.282
2011-11-16,28.36
2011-11-17,28.512
2011-11-18,28.37
2011-11-21,26.699
2011-11-22,26.947
2011-11-23,26.756
2011-11-24,26.744
2011-11-25,26.875
2011-11-28,28.24
2011-11-29,28.069
2011-11-30,29.518
2011-12-01,29.918
2011-12-02,29.421
2011-12-05,29.396
2011-12-06,28.29
2011-12-07,28.084
2011-12-08,27.913
2011-12-09,26.749
2011-12-12,25.501
2011-12-13,25.912
2011-12-14,25.635
2011-12-15,25.907
2011-12-16,24.97
2011-12-19,24.709
2011-12-20,25.6
2011-12-21,24.8
2011-12-22,25.04
2011-12-23,24.66
2011-12-26,24.908
2011-12-27,24.816
2011-12-28,24.681
2011-12-29,24.96
2011-12-30,25.28
2012-01-03,26.138
2012-01-04,26.13
2012-01-05,25.841
2012-01-06,26.0
2012-01-09,25.92
2012-01-10,26.35
2012-01-11,26.288
2012-01-12,26.301
2012-01-13,26.05
2012-01-16,25.997
2012-01-17,26.26
2012-01-18,26.8
2012-01-19,27.655
2012-01-20,27.4
2012-01-23,27.811
2012-01-24,28.005
2012-01-25,28.2
2012-01-26,28.261
2012-01-27,27.565
2012-01-30,27.517
2012-01-31,28.407
2012-02-01,28.814
2012-02-02,28.806
2012-02-03,29.35
2012-02-06,29.5
2012-02-07,29.3
2012-02-08,29.34
2012-02-09,29.038
2012-02-10,27.975
2012-02-13,28.52
2012-02-14,28.65
2012-02-15,29.217
2012-02-16,29.039
2012-02-17,28.74
2012-02-20,29.101
2012-02-21,28.75
2012-02-22,28.611
2012-02-24,30.577
2012-02-27,30.225
2012-02-28,29.899
2012-02-29,30.35
2012-03-01,30.499
2012-03-02,30.58
2012-03-05,31.1
2012-03-06,29.6
2012-03-07,29.55
2012-03-11,30.953
2012-03-12,31.181
2012-03-13,31.8
2012-03-14,32.895
2012-03-15,33.34
2012-03-16,32.699
2012-03-19,31.402
2012-03-20,30.243
2012-03-21,30.099
2012-03-22,29.62
2012-03-23,29.8
2012-03-26,31.0
2012-03-27,30.856
2012-03-28,29.36
2012-03-29,28.432
2012-03-30,28.8
2012-04-02,28.902
2012-04-03,29.8
2012-04-04,28.788
2012-04-05,28.958
2012-04-06,28.219
2012-04-09,28.375
2012-04-10,28.35
2012-04-11,28.9
2012-04-12,28.806
2012-04-13,28.67
2012-04-16,28.019
2012-04-17,28.026
2012-04-18,28.05
2012-04-19,28.93
2012-04-20,29.28
2012-04-23,28.383
2012-04-24,28.14
2012-04-25,28.38
2012-04-26,28.2
2012-04-27,28.68
2012-04-28,28.855
2012-05-02,28.241
2012-05-03,28.216
2012-05-04,26.965
2012-05-05,26.673
2012-05-07,26.825
2012-05-08,26.954
2012-05-10,27.969
2012-05-11,27.764
2012-05-12,27.42
2012-05-14,26.537
2012-05-15,25.88
2012-05-16,25.981
2012-05-17,25.317
2012-05-18,24.789
2012-05-21,25.35
2012-05-22,25.23
2012-05-23,24.451
2012-05-24,25.355
2012-05-25,25.384
2012-05-28,25.609
2012-05-29,26.19
2012-05-30,25.352
2012-05-31,24.82
2012-06-01,24.77
2012-06-04,25.49
2012-06-05,25.23
2012-06-06,25.065
2012-06-07,25.18
2012-06-08,25.571
2012-06-09,26.009
2012-06-13,26.102
2012-06-14,26.022
2012-06-15,26.743
2012-06-18,27.277
2012-06-19,27.572
2012-06-20,27.259
2012-06-21,26.7
2012-06-22,26.056
2012-06-25,25.55
2012-06-26,25.676
2012-06-27,26.155
2012-06-28,25.539
2012-06-29,26.748
2012-07-02,27.251
2012-07-03,28.071
2012-07-04,28.507
2012-07-05,28.372
2012-07-06,27.895
2012-07-09,28.0
2012-07-10,27.714
2012-07-11,27.027
2012-07-12,26.341
2012-07-13,27.221
2012-07-16,27.227
2012-07-17,27.331
2012-07-18,27.35
2012-07-19,27.43
2012-07-20,27.167
2012-07-23,26.194
2012-07-24,25.93
2012-07-25,25.769
2012-07-26,25.919
2012-07-27,26.69
2012-07-30,27.173
2012-07-31,27.207
2012-08-01,27.577
2012-08-02,27.45
2012-08-03,27.894
2012-08-06,28.223
2012-08-07,28.35
2012-08-08,28.301
2012-08-09,28.82
2012-08-10,28.799
2012-08-13,28.681
2012-08-14,28.749
2012-08-15,28.569
2012-08-16,28.58
2012-08-17,28.3
2012-08-20,28.054
2012-08-21,28.4
2012-08-22,28.399
2012-08-23,28.403
2012-08-24,28.5
2012-08-27,28.25
2012-08-28,28.178
2012-08-29,27.986
2012-08-30,27.908
2012-08-31,27.881
2012-09-03,28.236
2012-09-04,28.22
2012-09-05,27.739
2012-09-06,28.391
2012-09-07,28.799
2012-09-10,28.751
2012-09-11,28.756
2012-09-12,29.28
2012-09-13,29.683
2012-09-14,31.38
2012-09-17,31.01
2012-09-18,30.344
2012-09-19,29.698
2012-09-20,29.37
2012-09-21,28.608
2012-09-24,28.64
2012-09-25,28.655
2012-09-26,27.64
2012-09-27,27.934
2012-09-28,28.163
2012-10-01,29.07
2012-10-02,28.98
2012-10-03,28.749
2012-10-04,28.43
2012-10-05,28.762
2012-10-08,28.989
2012-10-09,28.959
2012-10-10,28.708
2012-10-11,28.7
2012-10-12,28.3
2012-10-15,28.293
2012-10-16,28.457
2012-10-17,28.8
2012-10-18,28.778
2012-10-19,28.465
2012-10-22,28.674
2012-10-23,28.103
2012-10-24,28.012
2012-10-25,27.79
2012-10-26,27.638
2012-10-29,27.352
2012-10-30,27.051
2012-10-31,27.23
2012-11-01,27.725
2012-11-02,27.951
2012-11-06,28.265
2012-11-07,27.498
2012-11-08,27.341
2012-11-09,26.89
2012-11-12,26.829
2012-11-13,25.956
2012-11-14,25.4
2012-11-15,25.574
2012-11-16,25.661
2012-11-19,25.902
2012-11-20,25.865
2012-11-21,26.102
2012-11-22,26.17
2012-11-23,26.35
2012-11-26,25.897
2012-11-27,25.571
2012-11-28,25.529
2012-11-29,25.68
2012-11-30,26.079
2012-12-03,26.719
2012-12-04,26.728
2012-12-05,26.81
2012-12-06,26.67
2012-12-07,26.967
2012-12-10,26.902
2012-12-11,27.298
2012-12-12,27.534
2012-12-13,27.4
2012-12-14,27.428
2012-12-17,27.154
2012-12-18,27.4
2012-12-19,27.48
2012-12-20,27.293
2012-12-21,27.027
2012-12-24,26.975
2012-12-25,26.803
2012-12-26,26.901
2012-12-27,26.925
2012-12-28,26.8
2013-01-08,28.091
2013-01-09,28.209
2013-01-10,27.96
2013-01-11,27.97
2013-01-14,28.37
2013-01-15,28.031
2013-01-16,28.13
2013-01-17,28.415
2013-01-18,28.703
2013-01-21,28.72
2013-01-22,28.602
2013-01-23,28.683
2013-01-24,28.768
2013-01-25,29.492
2013-01-28,31.291
2013-01-29,30.854
2013-01-30,31.2
2013-01-31,31.514
2013-02-01,31.387
2013-02-04,30.469
2013-02-05,30.8
2013-02-06,30.441
2013-02-07,30.48
2013-02-08,30.12
2013-02-11,29.705
2013-02-12,29.85
2013-02-13,30.739
2013-02-14,30.518
2013-02-15,30.396
2013-02-18,30.139
2013-02-19,30.354
2013-02-20,30.195
2013-02-21,29.605
2013-02-22,29.089
2013-02-25,29.329
2013-02-26,28.767
2013-02-27,28.775
2013-02-28,28.692
2013-03-01,28.584
2013-03-04,28.227
2013-03-05,29.127
2013-03-06,28.987
2013-03-07,29.136
2013-03-11,29.665
2013-03-12,29.929
2013-03-13,29.38
2013-03-14,29.172
2013-03-15,28.886
2013-03-18,28.19
2013-03-19,27.76
2013-03-20,27.754
2013-03-21,27.886
2013-03-22,27.252
2013-03-25,26.809
2013-03-26,26.904
2013-03-27,27.616
2013-03-28,27.78
2013-03-29,27.818
2013-04-01,27.919
2013-04-02,28.35
2013-04-03,29.56
2013-04-04,29.635
2013-04-05,29.849
2013-04-08,29.65
2013-04-09,29.75
2013-04-10,29.944
2013-04-11,28.882
2013-04-12,28.199
2013-04-15,27.5
2013-04-16,27.229
2013-04-17,26.468
2013-04-18,26.99
2013-04-19,27.68
2013-04-22,26.673
2013-04-23,26.019
2013-04-24,26.745
2013-04-25,27.851
2013-04-26,28.148
2013-04-29,27.913
2013-04-30,26.75
2013-05-02,25.68
2013-05-03,26.646
2013-05-06,26.826
2013-05-07,26.9
2013-05-08,26.848
2013-05-10,26.398
2013-05-13,26.035
2013-05-14,25.565
2013-05-15,25.932
2013-05-16,25.76
2013-05-17,26.401
2013-05-20,26.125
2013-05-21,26.268
2013-05-22,26.52
2013-05-23,25.49
2013-05-24,25.202
2013-05-27,25.31
2013-05-28,25.589
2013-05-29,25.016
2013-05-30,24.791
2013-05-31,24.3
2013-06-03,24.036
2013-06-04,24.21
2013-06-05,23.748
2013-06-06,23.6
2013-06-07,24.551
2013-06-10,25.0
2013-06-11,24.46
2013-06-13,24.24
2013-06-14,24.205
2013-06-17,24.712
2013-06-18,24.809
2013-06-19,24.88
2013-06-20,24.55
2013-06-21,24.543
2013-06-24,24.696
2013-06-25,24.901
2013-06-26,25.703
2013-06-27,25.6
2013-06-28,25.923
2013-07-01,25.661
2013-07-02,25.7
2013-07-03,25.582
2013-07-04,25.589
2013-07-05,25.209
2013-07-08,25.5
2013-07-09,25.7
2013-07-10,25.606
2013-07-11,26.459
2013-07-12,26.82
2013-07-15,26.914
2013-07-16,27.28
2013-07-17,27.305
2013-07-18,26.647
2013-07-19,26.225
2013-07-22,26.501
2013-07-23,26.85
2013-07-24,26.643
2013-07-25,26.654
2013-07-26,26.84
2013-07-29,27.111
2013-07-30,26.438
2013-07-31,26.134
2013-08-01,26.68
2013-08-02,26.156
2013-08-05,25.75
2013-08-06,25.3
2013-08-07,25.255
2013-08-08,25.053
2013-08-09,25.484
2013-08-12,25.466
2013-08-13,25.75
2013-08-14,26.264
2013-08-15,25.933
2013-08-16,25.589
2013-08-19,25.395
2013-08-20,25.567
2013-08-21,25.665
2013-08-22,26.0
2013-08-23,25.959
2013-08-26,25.799
2013-08-27,25.714
2013-08-28,25.92
2013-08-29,25.99
2013-08-30,26.072
2013-09-02,26.365
2013-09-03,26.598
2013-09-04,26.47
2013-09-05,27.261
2013-09-06,27.394
2013-09-09,27.67
2013-09-10,27.041
2013-09-11,27.099
2013-09-12,27.049
2013-09-13,26.99
2013-09-16,27.6
2013-09-17,27.848
2013-09-18,27.35
2013-09-19,27.845
2013-09-20,27.515
2013-09-23,27.541
2013-09-24,27.6
2013-09-25,28.42
2013-09-26,28.557
2013-09-27,28.56
2013-09-30,28.429
2013-10-01,28.29
2013-10-02,27.865
2013-10-03,28.079
2013-10-04,28.099
2013-10-07,28.058
2013-10-08,28.64
2013-10-09,28.695
2013-10-10,29.119
2013-10-11,28.996
2013-10-14,29.0
2013-10-15,29.674
2013-10-16,29.697
2013-10-17,29.088
2013-10-18,29.45
2013-10-21,29.579
2013-10-22,29.411
2013-10-23,28.853
2013-10-24,28.46
2013-10-25,28.388
2013-10-28,28.352
2013-10-29,28.33
2013-10-30,28.665
2013-10-31,28.189
2013-11-01,28.75
2013-11-05,28.87
2013-11-06,28.801
2013-11-07,28.764
2013-11-08,28.401
2013-11-11,28.185
2013-11-12,28.364
2013-11-13,27.707
2013-11-14,28.153
2013-11-15,28.13
2013-11-18,28.36
2013-11-19,28.55
2013-11-20,28.21
2013-11-21,28.0
2013-11-22,28.265
2013-11-25,28.12
2013-11-26,27.552
2013-11-27,27.711
2013-11-28,27.642
2013-11-29,27.398
2013-12-02,27.232
2013-12-03,26.81
2013-12-04,27.187
2013-12-05,26.727
2013-12-06,26.9
2013-12-09,27.332
2013-12-10,27.248
2013-12-11,27.485
2013-12-12,27.115
2013-12-13,27.04
2013-12-16,27.511
2013-12-17,27.9
2013-12-18,28.252
2013-12-19,28.291
2013-12-20,28.031
2013-12-23,28.279
2013-12-24,28.167
2013-12-25,28.204
2013-12-26,28.234
2013-12-27,28.091
2013-12-30,28.364
2014-01-06,27.455
2014-01-08,27.201
2014-01-09,27.57
2014-01-10,27.51
2014-01-13,27.975
2014-01-14,27.935
2014-01-15,28.15
2014-01-16,27.802
2014-01-17,27.701
2014-01-20,27.92
2014-01-21,27.972
2014-01-22,27.99
2014-01-23,28.334
2014-01-24,28.417
2014-01-27,28.22
2014-01-28,27.907
2014-01-29,27.672
2014-01-30,27.988
2014-01-31,26.945
2014-02-03,26.853
2014-02-04,27.0
2014-02-05,27.119
2014-02-06,27.074
2014-02-07,27.299
2014-02-10,27.344
2014-02-11,27.237
2014-02-12,27.62
2014-02-13,27.2
2014-02-14,27.284
2014-02-17,27.522
2014-02-18,27.572
2014-02-19,27.555
2014-02-20,27.457
2014-02-21,27.683
2014-02-24,27.749
2014-02-25,27.85
2014-02-26,28.101
2014-02-27,27.579
2014-02-28,27.35
2014-03-03,26.228
2014-03-04,26.93
2014-03-05,26.942
2014-03-06,26.786
2014-03-07,26.932
2014-03-11,26.327
2014-03-12,26.313
2014-03-13,25.91
2014-03-14,25.477
2014-03-17,26.45
2014-03-18,26.65
2014-03-19,26.251
2014-03-20,26.201
2014-03-21,26.289
2014-03-24,25.57
2014-03-25,25.566
2014-03-26,25.615
2014-03-27,25.379
2014-03-28,25.521
2014-03-31,25.854
2014-04-01,25.98
2014-04-02,26.14
2014-04-03,25.999
2014-04-04,26.147
2014-04-07,25.994
2014-04-08,25.752
2014-04-09,25.843
2014-04-10,26.124
2014-04-11,25.9
2014-04-14,26.15
2014-04-15,25.5
2014-04-16,25.406
2014-04-17,25.2
2014-04-18,25.7
2014-04-21,25.461
2014-04-22,25.38
2014-04-23,25.206
2014-04-24,24.875
2014-04-25,24.575
2014-04-28,25.062
2014-04-29,25.057
2014-04-30,24.9
2014-05-02,24.82
2014-05-05,25.05
2014-05-06,24.95
2014-05-07,25.29
2014-05-08,25.27
2014-05-12,25.21
2014-05-13,25.351
2014-05-14,25.38
2014-05-15,25.256
2014-05-16,25.574
2014-05-19,25.7
2014-05-20,25.943
2014-05-21,26.276
2014-05-22,26.13
2014-05-23,26.307
2014-05-26,26.473
2014-05-27,25.901
2014-05-28,25.94
2014-05-29,26.026
2014-05-30,25.089
2014-06-02,26.351
2014-06-03,26.55
2014-06-04,26.899
2014-06-05,26.999
2014-06-06,27.139
2014-06-09,26.942
2014-06-10,27.394
2014-06-11,27.559
2014-06-16,27.351
2014-06-17,27.792
2014-06-18,28.184
2014-06-19,27.248
2014-06-20,27.186
2014-06-23,27.275
2014-06-24,27.8
2014-06-25,26.717
2014-06-26,26.5
2014-06-27,26.6
2014-06-30,26.436
2014-07-01,26.673
2014-07-02,27.484
2014-07-03,27.26
2014-07-04,26.595
2014-07-07,27.0
2014-07-08,26.791
2014-07-09,26.99
2014-07-10,26.652
2014-07-11,26.9
2014-07-14,26.38
2014-07-15,26.022
2014-07-16,25.965
2014-07-17,25.59
2014-07-18,24.811
2014-07-21,24.555
2014-07-22,24.851
2014-07-23,24.92
2014-07-24,24.882
2014-07-25,24.86
2014-07-28,24.586
2014-07-29,24.821
2014-07-30,24.792
2014-07-31,24.86
2014-08-01,25.511
2014-08-04,26.435
2014-08-05,25.365
2014-08-06,25.108
2014-08-07,25.072
2014-08-08,25.269
2014-08-11,25.57
2014-08-12,25.466
2014-08-13,25.952
2014-08-14,26.394
2014-08-15,26.07
2014-08-18,26.02
2014-08-19,26.54
2014-08-20,26.8
2014-08-21,27.149
2014-08-22,26.647
2014-08-25,26.66
2014-08-26,26.591
2014-08-27,26.64
2014-08-28,26.2
2014-08-29,25.525
2014-09-01,25.601
2014-09-02,25.995
2014-09-03,26.323
2014-09-04,26.775
2014-09-05,26.766
2014-09-08,26.526
2014-09-09,26.811
2014-09-10,27.06
2014-09-11,26.94
2014-09-12,26.95
2014-09-15,27.044
2014-09-16,27.38
2014-09-17,27.35
2014-09-18,27.31
2014-09-19,27.136
2014-09-22,26.8
2014-09-23,27.263
2014-09-24,27.459
2014-09-25,26.93
2014-09-26,26.977
2014-09-29,26.384
2014-09-30,26.04
2014-10-01,26.055
2014-10-02,25.48
2014-10-03,26.01
2014-10-06,26.55
2014-10-07,26.55
2014-10-08,26.01
2014-10-09,26.1
2014-10-10,25.75
2014-10-13,26.475
2014-10-14,26.64
2014-10-15,26.4
2014-10-16,26.2
2014-10-17,26.965
2014-10-20,26.55
2014-10-21,26.47
2014-10-22,26.0
2014-10-23,25.995
2014-10-24,26.215
2014-10-27,26.69
2014-10-28,26.845
2014-10-29,27.4
2014-10-30,27.48
2014-10-31,28.795
2014-11-03,28.23
2014-11-05,28.475
2014-11-06,28.195
2014-11-07,27.765
2014-11-10,28.64
2014-11-11,28.815
2014-11-12,28.815
2014-11-13,28.305
2014-11-14,28.95
2014-11-17,29.005
2014-11-18,29.165
2014-11-19,29.885
2014-11-20,30.06
2014-11-21,29.7
2014-11-24,29.545
2014-11-25,29.44
2014-11-26,29.435
2014-11-27,28.755
2014-11-28,29.2
2014-12-01,30.285
2014-12-02,30.79
2014-12-03,31.27
2014-12-04,30.8
2014-12-05,29.85
2014-12-08,28.895
2014-12-09,28.62
2014-12-10,28.31
2014-12-11,27.22
2014-12-12,26.45
2014-12-15,25.1
2014-12-16,24.62
2014-12-17,23.54
2014-12-18,24.66
2014-12-19,24.42
2014-12-22,24.785
2014-12-23,24.62
2014-12-24,24.5
2014-12-25,24.025
2014-12-26,24.3
2014-12-29,24.52
2014-12-30,23.52
2015-01-05,24.24
2015-01-06,25.015
2015-01-08,26.265
2015-01-09,25.65
2015-01-12,25.45
2015-01-13,25.6
2015-01-14,25.835
2015-01-15,25.99
2015-01-16,26.15
2015-01-19,26.3
2015-01-20,26.6
2015-01-21,28.38
2015-01-22,29.95
2015-01-23,29.475
2015-01-26,28.555
2015-01-27,30.34
2015-01-28,29.1
2015-01-29,29.13
2015-01-30,31.1
2015-02-02,31.7
2015-02-03,32.99
2015-02-04,32.2
2015-02-05,34.095
2015-02-06,35.5
2015-02-09,35.85
2015-02-10,36.6
2015-02-11,36.8
2015-02-12,36.5
2015-02-13,36.6
2015-02-16,35.535
2015-02-17,35.185
2015-02-18,35.1
2015-02-19,34.85
2015-02-20,34.335
2015-02-24,34.2
2015-02-25,33.58
2015-02-26,34.715
2015-02-27,34.2
2015-03-02,36.5
2015-03-03,36.82
2015-03-04,35.9
2015-03-05,35.9
2015-03-06,35.085
2015-03-10,33.75
2015-03-11,34.1
2015-03-12,34.4
2015-03-13,33.985
2015-03-16,33.03
2015-03-17,33.45
2015-03-18,34.105
2015-03-19,34.5
2015-03-20,35.225
2015-03-23,34.595
2015-03-24,35.845
2015-03-25,36.355
2015-03-26,34.73
2015-03-27,35.1
2015-03-30,35.69
2015-03-31,35.1
2015-04-01,35.99
2015-04-02,37.0
2015-04-03,36.69
2015-04-06,37.33
2015-04-07,37.39
2015-04-08,36.7
2015-04-09,36.835
2015-04-10,35.99
2015-04-13,36.8
2015-04-14,36.95
2015-04-15,37.25
2015-04-16,39.0
2015-04-17,37.5
2015-04-20,37.395
2015-04-21,37.205
2015-04-22,36.46
2015-04-23,35.6
2015-04-24,36.8
2015-04-27,36.21
2015-04-28,36.4
2015-04-29,36.505
2015-04-30,38.4
2015-05-05,38.39
2015-05-06,37.35
2015-05-07,36.5
2015-05-08,36.45
2015-05-12,35.44
2015-05-13,35.125
2015-05-14,35.0
2015-05-15,35.94
2015-05-18,35.35
2015-05-19,34.395
2015-05-20,33.35
2015-05-21,35.0
2015-05-22,34.6
2015-05-25,33.85
2015-05-26,33.5
2015-05-27,32.8
2015-05-28,32.61
2015-05-29,31.0
2015-06-01,31.885
2015-06-02,31.9
2015-06-03,31.505
2015-06-04,31.965
2015-06-05,31.9
2015-06-08,31.31
2015-06-09,31.6
2015-06-10,31.6
2015-06-11,31.7
2015-06-15,32.48
2015-06-16,33.505
2015-06-17,33.33
2015-06-18,33.3
2015-06-19,33.885
2015-06-22,34.72
2015-06-23,33.9
2015-06-24,34.225
2015-06-25,33.44
2015-06-26,33.5
2015-06-29,33.315
2015-06-30,33.1
2015-07-01,32.65
2015-07-02,32.77
2015-07-03,32.67
2015-07-06,32.75
2015-07-07,32.035
2015-07-08,30.79
2015-07-09,31.225
2015-07-10,30.88
2015-07-13,32.3
2015-07-14,31.305
2015-07-15,31.94
2015-07-16,33.28
2015-07-17,32.66
2015-07-20,32.04
2015-07-21,32.65
2015-07-22,31.925
2015-07-23,31.725
2015-07-24,31.05
2015-07-27,31.5
2015-07-28,32.1
2015-07-29,32.55
2015-07-30,32.935
2015-07-31,33.995
2015-08-03,34.22
2015-08-04,34.035
2015-08-05,34.135
2015-08-06,34.05
2015-08-07,33.905
2015-08-10,34.5
2015-08-11,34.585
2015-08-12,34.56
2015-08-13,34.98
2015-08-14,35.3
2015-08-17,35.5
2015-08-18,34.92
2015-08-19,33.98
2015-08-20,34.295
2015-08-21,33.06
2015-08-24,31.745
2015-08-25,33.16
2015-08-26,33.1
2015-08-27,34.15
2015-08-28,34.825
2015-08-31,34.295
2015-09-01,33.75
2015-09-02,33.6
2015-09-03,34.03
2015-09-04,34.1
2015-09-07,34.08
2015-09-08,34.45
2015-09-09,34.675
2015-09-10,35.1
2015-09-11,35.24
2015-09-14,35.47
2015-09-15,34.93
2015-09-16,35.6
2015-09-17,34.95
2015-09-18,34.2
2015-09-21,34.145
2015-09-22,33.87
2015-09-23,33.15
2015-09-24,32.695
2015-09-25,33.675
2015-09-28,32.975
2015-09-29,33.3
2015-09-30,33.5
2015-10-01,33.5
2015-10-02,33.3
2015-10-05,35.0
2015-10-06,35.4
2015-10-07,35.055
2015-10-08,35.295
2015-10-09,36.105
2015-10-12,35.195
2015-10-13,35.875
2015-10-14,35.27
2015-10-15,35.5
2015-10-16,35.48
2015-10-19,36.05
2015-10-20,36.29
2015-10-21,35.85
2015-10-22,35.88
2015-10-23,36.03
2015-10-26,35.14
2015-10-27,35.5
2015-10-28,35.76
2015-10-29,35.15
2015-10-30,35.785
2015-11-02,35.65
2015-11-03,35.95
2015-11-05,35.9
2015-11-06,35.575
2015-11-09,35.32
2015-11-10,35.26
2015-11-11,34.795
2015-11-12,35.15
2015-11-13,34.915
2015-11-16,34.595
2015-11-17,34.9
2015-11-18,35.62
2015-11-19,35.31
2015-11-20,34.905
2015-11-23,36.34
2015-11-24,35.25
2015-11-25,35.805
2015-11-26,35.7
2015-11-27,34.75
2015-11-30,33.5
2015-12-01,34.0
2015-12-02,34.21
2015-12-03,34.9
2015-12-04,34.155
2015-12-07,34.255
2015-12-08,33.92
2015-12-09,34.3
2015-12-10,34.295
2015-12-11,34.03
2015-12-14,33.795
2015-12-15,34.27
2015-12-16,34.695
2015-12-17,35.4
2015-12-18,34.25
2015-12-21,33.86
2015-12-22,34.175
2015-12-23,34.0
2015-12-24,33.945
2015-12-25,33.915
2015-12-28,33.675
2015-12-29,34.55
2015-12-30,33.975
2016-01-04,34.05
2016-01-05,34.185
2016-01-06,34.005
2016-01-11,33.2
2016-01-12,34.1
2016-01-13,33.97
2016-01-14,34.0
2016-01-15,32.465
2016-01-18,33.68
2016-01-19,33.78
2016-01-20,33.22
2016-01-21,34.485
2016-01-22,35.2
2016-01-25,35.385
2016-01-26,35.215
2016-01-27,36.2
2016-01-28,37.2
2016-01-29,36.565
2016-02-01,36.71
2016-02-02,37.35
2016-02-03,36.495
2016-02-04,38.12
2016-02-05,37.7
2016-02-08,36.73
2016-02-09,36.585
2016-02-10,36.76
2016-02-11,36.595
2016-02-12,37.19
2016-02-15,37.975
2016-02-16,37.63
2016-02-17,37.94
2016-02-18,38.65
2016-02-19,38.575
2016-02-20,38.23
2016-02-22,39.35
2016-02-24,38.9
2016-02-25,38.49
2016-02-26,39.29
2016-02-29,39.3
2016-03-01,39.45
2016-03-02,39.205
2016-03-03,39.92
2016-03-04,40.075
2016-03-07,40.645
2016-03-09,40.425
2016-03-10,40.64
2016-03-11,40.3
2016-03-14,40.245
2016-03-15,39.36
2016-03-16,39.685
2016-03-17,39.795
2016-03-18,38.815
2016-03-21,38.9
2016-03-22,39.8
2016-03-23,39.23
2016-03-24,38.85
2016-03-25,38.755
2016-03-28,38.45
2016-03-29,38.465
2016-03-30,39.3
2016-03-31,39.71
2016-04-01,39.645
2016-04-04,39.525
2016-04-05,38.925
2016-04-06,38.65
2016-04-07,37.845
2016-04-08,37.6
2016-04-11,37.8
2016-04-12,37.18
2016-04-13,37.74
2016-04-14,37.11
2016-04-15,36.86
2016-04-18,36.095
2016-04-19,35.81
2016-04-20,35.56
2016-04-21,35.93
2016-04-22,36.395
2016-04-25,36.2
2016-04-26,35.9
2016-04-27,35.81
2016-04-28,35.82
2016-04-29,34.1
2016-05-04,33.73
2016-05-05,33.46
2016-05-06,32.875
2016-05-10,33.0
2016-05-11,33.98
2016-05-12,33.57
2016-05-13,33.43
2016-05-16,33.42
2016-05-17,33.52
2016-05-18,34.155
2016-05-19,33.82
2016-05-20,33.65
2016-05-23,33.255
2016-05-24,33.36
2016-05-25,33.555
2016-05-26,33.53
2016-05-27,33.8
2016-05-30,33.8
2016-05-31,33.805
2016-06-01,33.35
2016-06-02,32.91
2016-06-03,33.02
2016-06-06,33.69
2016-06-07,34.095
2016-06-08,34.14
2016-06-09,33.25
2016-06-10,32.82
2016-06-14,33.935
2016-06-15,33.86
2016-06-16,33.95
2016-06-17,33.6
2016-06-20,33.815
2016-06-21,33.74
2016-06-22,33.2
2016-06-23,33.435
2016-06-24,33.695
2016-06-27,32.9
2016-06-28,32.895
2016-06-29,33.24
2016-06-30,33.205
2016-07-01,32.96
2016-07-04,33.045
2016-07-05,32.9
2016-07-06,32.14
2016-07-07,31.95
2016-07-08,32.0
2016-07-11,32.32
2016-07-12,32.39
2016-07-13,32.345
2016-07-14,32.96
2016-07-15,32.95
2016-07-18,32.66
2016-07-19,31.7
2016-07-20,31.61
2016-07-21,31.96
2016-07-22,32.225
2016-07-25,31.98
2016-07-26,31.61
2016-07-27,31.855
2016-07-28,31.74
2016-07-29,31.205
2016-08-01,30.74
2016-08-02,30.235
2016-08-03,30.295
2016-08-04,30.6
2016-08-05,30.64
2016-08-08,30.595
2016-08-09,30.97
2016-08-10,30.4
2016-08-11,30.6
2016-08-12,30.65
2016-08-15,30.51
2016-08-16,30.51
2016-08-17,30.62
2016-08-18,30.53
2016-08-19,30.37
2016-08-22,30.6
2016-08-23,30.375
2016-08-24,30.26
2016-08-25,29.525
2016-08-26,30.285
2016-08-29,30.6
2016-08-30,30.5
2016-08-31,31.19
2016-09-01,31.345
2016-09-02,31.12
2016-09-05,31.06
2016-09-06,31.22
2016-09-07,30.995
2016-09-08,31.33
2016-09-09,31.3
2016-09-12,31.46
2016-09-13,31.425
2016-09-14,31.385
2016-09-15,31.485
2016-09-16,30.79
2016-09-19,30.64
2016-09-20,30.8
2016-09-21,31.1
2016-09-22,31.12
2016-09-23,30.905
2016-09-26,30.645
2016-09-27,30.1
2016-09-28,30.335
2016-09-29,30.59
2016-09-30,30.71
2016-10-03,29.96
2016-10-04,29.28
2016-10-05,29.175
2016-10-06,29.355
2016-10-07,29.38
2016-10-10,29.5
2016-10-11,29.15
2016-10-12,29.1
2016-10-13,28.945
2016-10-14,28.925
2016-10-17,28.23
2016-10-18,27.955
2016-10-19,27.75
2016-10-20,27.395
2016-10-21,27.435
2016-10-24,27.08
2016-10-25,27.1
2016-10-26,27.295
2016-10-27,27.12
2016-10-28,27.235
2016-10-31,27.015
2016-11-01,27.445
2016-11-02,28.6
2016-11-03,28.5
2016-11-07,28.23
2016-11-08,28.685
2016-11-09,29.5
2016-11-10,29.5
2016-11-11,29.5
2016-11-14,29.665
2016-11-15,29.505
2016-11-16,29.415
2016-11-17,29.52
2016-11-18,29.595
2016-11-21,29.43
2016-11-22,29.18
2016-11-23,29.19
2016-11-24,29.025
2016-11-25,29.1
2016-11-28,29.125
2016-11-29,29.905
2016-11-30,29.97
2016-12-01,30.065
2016-12-02,29.635
2016-12-05,30.115
2016-12-06,30.45
2016-12-07,30.35
2016-12-08,31.0
2016-12-09,30.905
2016-12-12,30.2
2016-12-13,30.57
2016-12-14,30.5
2016-12-15,30.88
2016-12-16,31.0
2016-12-19,31.02
2016-12-20,30.87
2016-12-21,30.48
2016-12-22,29.885
2016-12-23,30.03
2016-12-26,29.775
2016-12-27,30.02
2016-12-28,30.005
2016-12-29,30.965
2016-12-30,30.95
2017-01-03,31.93
2017-01-04,31.8
2017-01-05,31.595
2017-01-06,31.69
2017-01-09,31.3
2017-01-10,31.315
2017-01-11,31.3
2017-01-12,31.36
2017-01-13,31.41
2017-01-16,31.355
2017-01-17,31.205
2017-01-18,31.12
2017-01-19,31.425
2017-01-20,31.7
2017-01-23,31.235
2017-01-24,31.38
2017-01-25,31.79
2017-01-26,32.695
2017-01-27,32.525
2017-01-30,32.23
2017-01-31,32.35
2017-02-01,32.3
2017-02-02,31.975
2017-02-03,32.665
2017-02-06,32.57
2017-02-07,32.75
2017-02-08,32.675
2017-02-09,32.525
2017-02-10,32.19
2017-02-13,31.83
2017-02-14,31.995
2017-02-15,31.995
2017-02-16,32.195
2017-02-17,31.61
2017-02-20,31.545
2017-02-21,31.415
2017-02-22,30.53
2017-02-24,30.64
2017-02-27,29.715
2017-02-28,29.395
2017-03-01,29.875
2017-03-02,29.66
2017-03-03,29.61
2017-03-06,29.64
2017-03-07,29.2
2017-03-09,29.195
2017-03-10,28.2
2017-03-13,28.35
2017-03-14,28.655
2017-03-15,28.435
2017-03-16,28.65
2017-03-17,28.935
2017-03-20,29.47
2017-03-21,29.655
2017-03-22,30.075
2017-03-23,29.55
2017-03-24,29.425
2017-03-27,29.0
2017-03-28,29.5
2017-03-29,29.53
2017-03-30,29.37
2017-03-31,29.45
2017-04-03,29.18
2017-04-04,29.535
2017-04-05,29.7
2017-04-06,30.0
2017-04-07,29.66
2017-04-10,28.5
2017-04-11,28.235
2017-04-12,27.32
2017-04-13,27.365
2017-04-14,26.785
2017-04-17,27.21
2017-04-18,26.965
2017-04-19,26.54
2017-04-20,26.49
2017-04-21,26.675
2017-04-24,27.135
2017-04-25,27.64
2017-04-26,28.56
2017-04-27,28.13
2017-04-28,27.91
2017-05-02,28.105
2017-05-03,28.505
2017-05-04,28.615
2017-05-05,28.46
2017-05-10,29.2
2017-05-11,28.7
2017-05-12,28.5
2017-05-15,28.22
2017-05-16,28.075
2017-05-17,28.25
2017-05-18,27.84
2017-05-19,27.25
2017-05-22,26.9
2017-05-23,27.81
2017-05-24,27.695
2017-05-25,29.36
2017-05-26,29.705
2017-05-29,30.99
2017-05-30,31.18
2017-05-31,30.28
2017-06-01,27.15
2017-06-02,26.62
2017-06-05,26.985
2017-06-06,26.815
2017-06-07,26.36
2017-06-08,26.195
2017-06-09,26.23
2017-06-13,25.795
2017-06-14,25.2
2017-06-15,24.81
2017-06-16,24.89
2017-06-19,24.85
2017-06-20,25.785
2017-06-21,25.5
2017-06-22,25.67
2017-06-23,25.71
2017-06-26,25.115
2017-06-27,25.76
2017-06-28,25.965
2017-06-29,25.78
2017-06-30,25.67
2017-07-03,26.18
2017-07-04,26.55
2017-07-05,26.705
2017-07-06,26.735
2017-07-07,26.4
2017-07-10,26.22
2017-07-11,26.4
2017-07-12,26.755
2017-07-13,27.05
2017-07-14,26.67
2017-07-17,26.85
2017-07-18,26.41
2017-07-19,26.93
2017-07-20,26.7
2017-07-21,26.465
2017-07-24,26.92
2017-07-25,26.49
2017-07-26,26.42
2017-07-27,26.3
2017-07-28,26.15
2017-07-31,26.62
2017-08-01,27.57
2017-08-02,27.56
2017-08-03,27.62
2017-08-04,27.07
2017-08-07,27.2
2017-08-08,27.5
2017-08-09,27.16
2017-08-10,27.05
2017-08-11,26.325
2017-08-14,26.215
2017-08-15,26.535
2017-08-16,26.315
2017-08-17,26.59
2017-08-18,26.39
2017-08-21,26.34
2017-08-22,26.48
2017-08-23,26.74
2017-08-24,26.895
2017-08-25,26.68
2017-08-28,26.6
2017-08-29,26.46
2017-08-30,26.665
2017-08-31,27.0
2017-09-01,27.25
2017-09-04,27.285
2017-09-05,27.6
2017-09-06,27.715
2017-09-07,27.025
2017-09-08,27.77
2017-09-11,28.02
2017-09-12,28.04
2017-09-13,27.9
2017-09-14,27.9
2017-09-15,28.15
2017-09-18,28.26
2017-09-19,28.495
2017-09-20,28.83
2017-09-21,28.88
2017-09-22,28.725
2017-09-25,29.18
2017-09-26,29.01
2017-09-27,29.44
2017-09-28,29.47
2017-09-29,29.5
2017-10-02,29.49
2017-10-03,29.24
2017-10-04,29.3
2017-10-05,29.38
2017-10-06,29.54
2017-10-09,29.52
2017-10-10,29.55
2017-10-11,29.795
2017-10-12,29.9
2017-10-13,29.785
2017-10-16,29.805
2017-10-17,29.6
2017-10-18,29.5
2017-10-19,29.33
2017-10-20,29.52
2017-10-23,29.4
2017-10-24,29.27
2017-10-25,29.11
2017-10-26,28.8
2017-10-27,29.375
2017-10-30,29.6
2017-10-31,29.175
2017-11-01,29.77
2017-11-02,29.195
2017-11-03,29.315
2017-11-07,30.11
2017-11-08,30.6
2017-11-09,30.605
2017-11-10,29.9
2017-11-13,29.78
2017-11-14,30.225
2017-11-15,29.155
2017-11-16,28.995
2017-11-17,29.085
2017-11-20,29.33
2017-11-21,29.41
2017-11-22,29.155
2017-11-23,29.15
2017-11-24,29.37
2017-11-27,28.95
2017-11-28,29.155
2017-11-29,28.185
2017-11-30,27.5
2017-12-01,27.705
2017-12-04,27.405
2017-12-05,27.33
2017-12-06,27.99
2017-12-07,27.67
2017-12-08,27.7
2017-12-11,28.895
2017-12-12,29.01
2017-12-13,29.095
2017-12-14,29.3
2017-12-15,28.915
2017-12-18,28.815
2017-12-19,28.4
2017-12-20,28.035
2017-12-21,28.185
2017-12-22,28.235
2017-12-25,27.755
2017-12-26,27.505
2017-12-27,27.66
2017-12-28,28.09
2017-12-29,27.89
2018-01-03,27.905
2018-01-04,28.175
2018-01-05,28.22
2018-01-09,28.32
2018-01-10,28.475
2018-01-11,28.4
2018-01-12,28.8
2018-01-15,28.845
2018-01-16,29.245
2018-01-17,29.945
2018-01-18,30.47
2018-01-19,30.2
2018-01-22,30.3
2018-01-23,30.1
2018-01-24,30.4
2018-01-25,30.8
2018-01-26,30.38
2018-01-29,30.665
2018-01-30,30.3
2018-01-31,28.74
2018-02-01,29.26
2018-02-02,28.955
2018-02-05,29.55
2018-02-06,28.605
2018-02-07,29.415
2018-02-08,28.87
2018-02-09,28.315
2018-02-12,28.23
2018-02-13,28.45
2018-02-14,28.24
2018-02-15,28.265
2018-02-16,28.505
2018-02-19,28.48
2018-02-20,28.415
2018-02-21,29.12
2018-02-22,29.2
2018-02-26,29.485
2018-02-27,29.13
2018-02-28,28.715
2018-03-01,28.52
2018-03-02,28.22
2018-03-05,28.645
2018-03-06,28.625
2018-03-07,28.3
2018-03-09,28.63
2018-03-12,29.15
2018-03-13,29.365
2018-03-14,29.17
2018-03-15,29.18
2018-03-16,29.41
2018-03-19,29.055
2018-03-20,29.175
2018-03-21,29.13
2018-03-22,28.805
2018-03-23,28.885
2018-03-26,28.1
2018-03-27,28.3
2018-03-28,28.45
2018-03-29,28.665
2018-03-30,28.37
2018-04-02,28.5
2018-04-03,28.33
2018-04-04,28.51
2018-04-05,28.94
2018-04-06,28.94
2018-04-09,28.16
2018-04-10,29.095
2018-04-11,29.25
2018-04-12,29.69
2018-04-13,29.095
2018-04-16,29.17
2018-04-17,29.12
2018-04-18,29.54
2018-04-19,29.345
2018-04-20,29.36
2018-04-23,29.09
2018-04-24,29.25
2018-04-25,29.115
2018-04-26,29.85
2018-04-27,29.695
2018-04-28,29.55
2018-04-30,29.44
2018-05-02,29.32
2018-05-03,29.235
2018-05-04,29.405
2018-05-07,29.305
2018-05-08,29.58
2018-05-10,29.39
2018-05-11,29.685
2018-05-14,30.0
2018-05-15,29.76
2018-05-16,29.81
2018-05-17,29.705
2018-05-18,29.7
2018-05-21,29.535
2018-05-22,29.745
2018-05-23,29.42
2018-05-24,29.165
2018-05-25,29.135
2018-05-28,28.875
2018-05-29,28.4
2018-05-30,28.48
2018-05-31,28.63
2018-06-01,28.86
2018-06-04,29.275
2018-06-05,29.02
2018-06-06,28.795
2018-06-07,29.295
2018-06-08,28.36
2018-06-09,28.535
2018-06-11,28.685
2018-06-13,28.895
2018-06-14,29.05
2018-06-15,28.26
2018-06-18,28.375
2018-06-19,28.71
2018-06-20,29.295
2018-06-21,28.85
2018-06-22,28.435
2018-06-25,28.3
2018-06-26,28.39
2018-06-27,28.39
2018-06-28,28.255
2018-06-29,28.48
2018-07-02,28.645
2018-07-03,28.105
2018-07-04,28.085
2018-07-05,28.42
2018-07-06,28.47
2018-07-09,29.0
2018-07-10,29.295
2018-07-11,28.945
2018-07-12,28.445
2018-07-13,28.9
2018-07-16,29.0
2018-07-17,28.595
2018-07-18,28.525
2018-07-19,28.595
2018-07-20,28.465
2018-07-23,28.365
2018-07-24,28.23
2018-07-25,28.35
2018-07-26,28.5
2018-07-27,28.65
2018-07-30,28.965
2018-07-31,28.99
2018-08-01,29.175
2018-08-02,28.82
2018-08-03,29.205
2018-08-06,29.03
2018-08-07,28.98
2018-08-08,28.905
2018-08-09,29.0
2018-08-10,28.92
2018-08-13,28.535
2018-08-14,28.77
2018-08-15,28.35
2018-08-16,28.0
2018-08-17,27.705
2018-08-20,27.885
2018-08-21,27.885
2018-08-22,28.295
2018-08-23,28.12
2018-08-24,28.31
2018-08-27,28.165
2018-08-28,28.195
2018-08-29,28.725
2018-08-30,28.4
2018-08-31,28.74
2018-09-03,28.75
2018-09-04,28.62
2018-09-05,28.0
2018-09-06,27.805
2018-09-07,27.7
2018-09-10,27.75
2018-09-11,27.925
2018-09-12,27.82
2018-09-13,27.67
2018-09-14,27.505
2018-09-17,27.645
2018-09-18,27.615
2018-09-19,27.555
2018-09-20,27.62
2018-09-21,27.095
2018-09-24,27.295
2018-09-25,27.305
2018-09-26,27.51
2018-09-27,28.145
2018-09-28,27.425
2018-10-01,27.8
2018-10-02,27.55
2018-10-03,27.825
2018-10-04,27.395
2018-10-05,27.275
2018-10-08,27.47
2018-10-09,27.215
2018-10-10,26.97
2018-10-11,26.875
2018-10-12,27.12
2018-10-15,27.105
2018-10-16,27.18
2018-10-17,27.175
2018-10-18,27.28
2018-10-19,27.4
2018-10-22,27.03
2018-10-23,26.735
2018-10-24,26.59
2018-10-25,26.51
2018-10-26,26.38
2018-10-29,26.475
2018-10-30,26.11
2018-10-31,26.57
2018-11-01,26.5
2018-11-02,26.685
2018-11-06,27.03
2018-11-07,27.305
2018-11-08,27.225
2018-11-09,27.365
2018-11-12,26.94
2018-11-13,26.93
2018-11-14,27.05
2018-11-15,27.19
2018-11-16,27.3
2018-11-19,27.14
2018-11-20,26.945
2018-11-21,27.155
2018-11-22,27.285
2018-11-23,27.2
2018-11-26,26.76
2018-11-27,26.715
2018-11-28,26.9
2018-11-29,27.21
2018-11-30,27.35
2018-12-03,27.83
2018-12-04,28.115
2018-12-05,28.3
2018-12-06,28.35
2018-12-07,28.315
2018-12-10,28.005
2018-12-11,27.91
2018-12-12,27.945
2018-12-13,28.1
2018-12-14,28.0
2018-12-17,28.1
2018-12-18,27.93
2018-12-19,27.885
2018-12-20,27.4
2018-12-21,26.845
2018-12-24,26.5
2018-12-25,26.5
2018-12-26,26.655
2018-12-27,26.4
2018-12-28,26.8
2018-12-29,26.88
2019-01-03,26.785
2019-01-04,27.045
2019-01-08,27.01
2019-01-09,27.07
2019-01-10,27.435
2019-01-11,27.63
2019-01-14,27.975
2019-01-15,28.165
2019-01-16,27.91
2019-01-17,27.8
2019-01-18,28.025
2019-01-21,27.865
2019-01-22,27.93
2019-01-23,27.89
2019-01-24,27.315
2019-01-25,27.535
2019-01-28,27.355
2019-01-29,27.435
2019-01-30,27.445
2019-01-31,27.355
2019-02-01,27.415
2019-02-04,27.4
2019-02-05,27.475
2019-02-06,27.32
2019-02-07,27.05
2019-02-08,26.845
2019-02-11,26.7
2019-02-12,26.81
2019-02-13,26.26
2019-02-14,26.48
2019-02-15,26.83
2019-02-18,26.485
2019-02-19,26.375
2019-02-20,26.75
2019-02-21,26.435
2019-02-22,26.475
2019-02-25,26.4
2019-02-26,26.24
2019-02-27,26.07
2019-02-28,25.69
2019-03-01,25.56
2019-03-04,25.4
2019-03-05,25.385
2019-03-06,25.39
2019-03-07,25.2
2019-03-11,24.73
2019-03-12,24.61
2019-03-13,24.215
2019-03-14,24.16
2019-03-15,24.2
2019-03-18,24.75
2019-03-19,25.0
2019-03-20,24.88
2019-03-21,24.895
2019-03-22,24.525
2019-03-25,24.535
2019-03-26,24.58
2019-03-27,24.595
2019-03-28,24.6
2019-03-29,24.875
2019-04-01,25.305
2019-04-02,25.12
2019-04-03,25.23
2019-04-04,25.475
2019-04-05,25.365
2019-04-08,25.5
2019-04-09,25.54
2019-04-10,25.3
2019-04-11,25.2
2019-04-12,25.31
2019-04-15,24.89
2019-04-16,25.05
2019-04-17,25.14
2019-04-18,25.08
2019-04-19,25.075
2019-04-22,25.05
2019-04-23,24.72
2019-04-24,24.605
2019-04-25,24.81
2019-04-26,24.825
2019-04-29,24.71
2019-04-30,24.565
2019-05-02,24.555
2019-05-03,24.985
2019-05-06,24.91
2019-05-07,24.915
2019-05-08,24.6
2019-05-10,24.2
2019-05-13,24.14
2019-05-14,24.15
2019-05-15,24.14
2019-05-16,24.18
2019-05-17,24.105
2019-05-20,24.15
2019-05-21,24.26
2019-05-22,24.2
2019-05-23,24.18
2019-05-24,24.365
2019-05-27,24.37
2019-05-28,24.46
2019-05-29,24.73
2019-05-30,24.99
2019-05-31,24.94
2019-06-03,25.115
2019-06-04,25.07
2019-06-05,25.205
2019-06-06,25.26
2019-06-07,25.2
2019-06-10,25.08
2019-06-11,25.39
2019-06-13,25.08
2019-06-14,25.175
2019-06-17,25.15
2019-06-18,25.28
2019-06-19,25.41
2019-06-20,25.94
2019-06-21,25.825
2019-06-24,26.0
2019-06-25,25.92
2019-06-26,26.285
2019-06-27,26.32
2019-06-28,26.34
2019-07-01,26.37
2019-07-02,26.735
2019-07-03,26.8
2019-07-04,26.85
2019-07-05,26.8
2019-07-08,26.92
2019-07-09,27.2
2019-07-10,27.145
2019-07-11,26.705
2019-07-12,26.79
2019-07-15,26.57
2019-07-16,26.83
2019-07-17,26.405
2019-07-18,26.265
2019-07-19,26.385
2019-07-22,25.995
2019-07-23,26.63
2019-07-24,26.63
2019-07-25,26.6
2019-07-26,26.105
2019-07-29,26.725
2019-07-30,26.91
2019-07-31,27.06
2019-08-01,27.08
2019-08-02,26.81
2019-08-05,26.335
2019-08-06,26.0
2019-08-07,26.07
2019-08-08,26.1
2019-08-09,26.245
2019-08-12,26.645
2019-08-13,26.595
2019-08-14,26.1
2019-08-15,25.8
2019-08-16,25.8
2019-08-19,25.875
2019-08-20,26.055
2019-08-21,25.845
2019-08-22,25.55
2019-08-23,25.625
2019-08-26,25.515
2019-08-27,26.095
2019-08-28,26.275
2019-08-29,26.54
2019-08-30,27.45
2019-09-02,30.825
2019-09-03,35.5
2019-09-04,35.395
2019-09-05,33.65
2019-09-06,33.45
2019-09-09,33.06
2019-09-10,33.59
2019-09-11,36.0
2019-09-12,36.395
2019-09-13,37.38
2019-09-16,37.7
2019-09-17,36.455
2019-09-18,35.505
2019-09-19,35.7
2019-09-20,35.495
2019-09-23,35.6
2019-09-24,34.95
2019-09-25,34.545
2019-09-26,34.715
2019-09-27,34.835
2019-09-30,35.4
2019-10-01,35.995
2019-10-02,35.05
2019-10-03,35.585
2019-10-04,35.225
2019-10-07,36.0
2019-10-08,36.09
2019-10-09,36.435
2019-10-10,36.54
2019-10-11,36.725
2019-10-14,36.25
2019-10-15,35.96
2019-10-16,36.725
2019-10-17,36.2
2019-10-18,36.17
2019-10-21,36.04
2019-10-22,36.725
2019-10-23,40.17
2019-10-24,43.55
2019-10-25,46.58
2019-10-28,44.6
2019-10-29,44.55
2019-10-30,43.4
2019-10-31,43.0
2019-11-01,46.255
2019-11-05,46.115
2019-11-06,46.22
2019-11-07,47.29
2019-11-08,46.655
2019-11-11,48.545
2019-11-12,47.935
2019-11-13,47.79
2019-11-14,47.3
2019-11-15,46.45
2019-11-18,46.33
2019-11-19,46.8
2019-11-20,46.47
2019-11-21,45.875
2019-11-22,46.73
2019-11-25,46.185
2019-11-26,45.0
2019-11-27,44.51
2019-11-28,43.645
2019-11-29,44.1
2019-12-02,43.27
2019-12-03,42.54
2019-12-04,43.7
2019-12-05,43.2
2019-12-06,43.345
2019-12-09,43.93
2019-12-10,43.39
2019-12-11,45.035
2019-12-12,48.2
2019-12-13,47.505
2019-12-16,48.025
2019-12-17,48.305
2019-12-18,48.42
2019-12-19,48.15
2019-12-20,48.115
2019-12-23,51.655
2019-12-24,52.2
2019-12-25,51.205
2019-12-26,51.15
2019-12-27,50.855
2019-12-30,50.47
2020-01-03,51.375
2020-01-06,52.2
2020-01-08,52.0
2020-01-09,53.645
2020-01-10,54.0
2020-01-13,53.805
2020-01-14,53.9
2020-01-15,53.09
2020-01-16,53.07
2020-01-17,53.775
2020-01-20,54.17
2020-01-21,52.04
2020-01-22,49.5
2020-01-23,47.8
2020-01-24,48.08
2020-01-27,46.5
2020-01-28,47.395
2020-01-29,47.935
2020-01-30,47.9
2020-01-31,46.045
2020-02-03,44.455
2020-02-04,46.705
2020-02-05,46.875
2020-02-06,46.965
2020-02-07,46.125
2020-02-10,46.22
2020-02-11,47.725
2020-02-12,49.0
2020-02-13,48.31
2020-02-14,48.32
2020-02-17,48.625
2020-02-18,46.695
2020-02-19,47.46
2020-02-20,47.39
2020-02-21,46.755
2020-02-25,44.805
2020-02-26,44.0
2020-02-27,39.6
2020-02-28,38.435
2020-03-02,38.815
2020-03-03,39.05
2020-03-04,38.455
2020-03-05,37.76
2020-03-06,35.68
2020-03-10,30.835
2020-03-11,31.245
2020-03-12,29.4
2020-03-13,27.5
2020-03-16,26.045
2020-03-17,26.33
2020-03-18,24.835
2020-03-19,27.0
2020-03-20,26.86
2020-03-23,26.095
2020-03-24,28.25
2020-03-25,29.665
2020-03-26,32.25
2020-03-27,30.925
2020-03-30,31.7
2020-03-31,33.9
2020-04-01,35.0
2020-04-02,35.67
2020-04-03,36.385
2020-04-06,37.25
2020-04-07,37.2
2020-04-08,36.875
2020-04-09,37.52
2020-04-10,37.08
2020-04-13,36.01
2020-04-14,35.65
2020-04-15,33.75
2020-04-16,34.295
2020-04-17,34.36
2020-04-20,33.995
2020-04-21,33.55
2020-04-22,35.67
2020-04-23,35.885
2020-04-24,35.125
2020-04-27,35.0
2020-04-28,36.8
2020-04-29,37.435
2020-04-30,37.115
2020-05-04,36.41
2020-05-05,36.845
2020-05-06,35.72
2020-05-07,36.54
2020-05-08,37.2
2020-05-12,37.16
2020-05-13,36.445
2020-05-14,39.28
2020-05-15,40.145
2020-05-18,40.6
2020-05-19,40.04
2020-05-20,40.795
2020-05-21,39.0
2020-05-22,39.8
2020-05-25,41.825
2020-05-26,41.7
2020-05-27,40.685
2020-05-28,40.5
2020-05-29,39.61
2020-06-01,39.95
2020-06-02,40.225
2020-06-03,39.995
2020-06-04,39.99
2020-06-05,40.335
2020-06-08,40.305
2020-06-09,40.715
2020-06-10,41.1
2020-06-11,39.98
2020-06-15,39.375
2020-06-16,39.965
2020-06-17,39.205
2020-06-18,38.41
2020-06-19,39.095
2020-06-22,39.22
2020-06-23,39.75
2020-06-25,39.135
2020-06-26,38.3
2020-06-29,38.535
2020-06-30,38.415
2020-07-02,38.76
2020-07-03,38.515
2020-07-06,38.93
2020-07-07,39.7
2020-07-08,39.16
2020-07-09,38.62
2020-07-10,38.59
2020-07-13,37.905
2020-07-14,37.45
2020-07-15,37.27
2020-07-16,36.9
2020-07-17,36.845
2020-07-20,37.225
2020-07-21,37.585
2020-07-22,37.64
2020-07-23,37.2
2020-07-24,38.2
2020-07-27,37.855
2020-07-28,37.145
2020-07-29,37.39
2020-07-30,37.225
2020-07-31,37.25
2020-08-03,37.06
2020-08-04,36.795
2020-08-05,37.385
2020-08-06,37.275
2020-08-07,37.18
2020-08-10,37.42
2020-08-11,37.64
2020-08-12,38.59
2020-08-13,38.71
2020-08-14,38.44
2020-08-17,38.385
2020-08-18,37.905
2020-08-19,38.075
2020-08-20,37.3
2020-08-21,37.035
2020-08-24,37.595
2020-08-25,37.25
2020-08-26,38.48
2020-08-27,37.77
2020-08-28,37.2
2020-08-31,36.705
2020-09-01,36.85
2020-09-02,35.915
2020-09-03,35.5
2020-09-04,35.29
2020-09-07,35.24
2020-09-08,34.515
2020-09-09,35.03
2020-09-10,34.67
2020-09-11,35.09
2020-09-14,36.12
2020-09-15,36.84
2020-09-16,36.515
2020-09-17,36.505
2020-09-18,36.27
2020-09-21,35.38
2020-09-22,35.555
2020-09-23,34.86
2020-09-24,34.97
2020-09-25,34.765
2020-09-28,35.07
2020-09-29,35.375
2020-09-30,34.685
2020-10-01,35.285
2020-10-02,35.225
2020-10-05,35.915
2020-10-06,35.845
2020-10-07,35.26
2020-10-08,35.26
2020-10-09,34.585
2020-10-12,34.595
2020-10-13,34.21
2020-10-14,34.315
2020-10-15,33.8
2020-10-16,33.845
2020-10-19,34.01
2020-10-20,34.115
2020-10-21,33.675
2020-10-22,33.705
2020-10-23,34.0
2020-10-26,34.0
2020-10-27,34.045
2020-10-28,32.4
2020-10-29,33.415
2020-10-30,32.92
2020-11-02,34.01
2020-11-03,34.305
2020-11-05,35.78
2020-11-06,35.54
2020-11-09,36.8
2020-11-10,36.72
2020-11-11,36.575
2020-11-12,35.85
2020-11-13,35.785
2020-11-16,37.77
2020-11-17,37.015
2020-11-18,36.93
2020-11-19,36.735
2020-11-20,36.44
2020-11-23,36.99
2020-11-24,37.07
2020-11-25,37.475
2020-11-26,36.955
2020-11-27,36.875
2020-11-30,35.505
2020-12-01,35.435
2020-12-02,35.6
2020-12-03,35.285
2020-12-04,35.4
2020-12-07,35.115
2020-12-08,34.67
2020-12-09,34.755
2020-12-10,35.5
2020-12-11,35.5
2020-12-14,35.56
2020-12-15,35.155
2020-12-16,35.2
2020-12-17,35.06
2020-12-18,35.09
2020-12-21,34.46
2020-12-22,34.84
2020-12-23,34.97
2020-12-24,34.955
2020-12-25,35.06
2020-12-28,35.26
2020-12-29,35.69
2020-12-30,35.985
2021-01-04,36.11
2021-01-05,36.75
2021-01-06,36.745
2021-01-08,37.705
2021-01-11,37.605
2021-01-12,37.635
2021-01-13,37.285
2021-01-14,37.52
2021-01-15,36.495
2021-01-18,36.205
2021-01-19,36.045
2021-01-20,35.925
2021-01-21,34.885
2021-01-22,35.02
2021-01-25,35.055
2021-01-26,34.925
2021-01-27,34.27
2021-01-28,34.27
2021-01-29,33.47
2021-02-01,33.99
2021-02-02,34.115
2021-02-03,34.18
2021-02-04,33.905
2021-02-05,33.87
2021-02-08,34.5
2021-02-09,34.115
2021-02-10,33.795
2021-02-11,33.675
2021-02-12,33.72
2021-02-15,34.05
2021-02-16,33.935
2021-02-17,34.195
2021-02-18,33.495
2021-02-19,33.83
2021-02-20,33.825
2021-02-22,33.83
2021-02-24,33.805
2021-02-25,33.59
2021-02-26,32.5
2021-03-01,32.59
2021-03-02,33.325
2021-03-03,33.585
2021-03-04,33.495
2021-03-05,34.98
2021-03-09,36.075
2021-03-10,35.47
2021-03-11,35.715
2021-03-12,36.325
2021-03-15,36.095
2021-03-16,35.925
2021-03-17,34.875
2021-03-18,34.04
2021-03-19,34.265
2021-03-22,34.285
2021-03-23,34.165
2021-03-24,34.24
2021-03-25,34.21
2021-03-26,35.25
2021-03-29,34.885
2021-03-30,34.585
2021-03-31,34.53
2021-04-01,36.07
2021-04-02,37.05
2021-04-05,35.87
2021-04-06,34.9
2021-04-07,34.96
2021-04-08,34.59
2021-04-09,34.31
2021-04-12,34.6
2021-04-13,34.605
2021-04-14,35.125
2021-04-15,35.41
2021-04-16,35.39
2021-04-19,34.995
2021-04-20,35.235
2021-04-21,35.22
2021-04-22,35.305
2021-04-23,35.4
2021-04-26,35.155
2021-04-27,35.09
2021-04-28,34.575
2021-04-29,34.41
2021-04-30,34.11
2021-05-04,34.475
2021-05-05,35.78
2021-05-06,35.315
2021-05-07,35.475
2021-05-10,35.4
2021-05-11,35.63
2021-05-12,35.595
2021-05-13,35.585
2021-05-14,35.67
2021-05-17,36.94
2021-05-18,36.355
2021-05-19,36.815
2021-05-20,35.98
2021-05-21,35.675
2021-05-24,35.74
2021-05-25,35.19
2021-05-26,35.65
2021-05-27,35.935
2021-05-28,36.14
2021-05-31,36.255
2021-06-01,36.4
2021-06-02,36.44
2021-06-03,36.52
2021-06-04,36.445
2021-06-07,36.485
2021-06-08,36.41
2021-06-09,36.32
2021-06-10,36.225
2021-06-11,36.38
2021-06-14,37.27
2021-06-15,38.37
2021-06-16,38.055
2021-06-17,38.025
2021-06-18,37.74
2021-06-21,37.885
2021-06-22,38.145
2021-06-23,37.65
2021-06-24,38.045
2021-06-25,37.57
2021-06-28,37.22
2021-06-29,36.245
2021-06-30,36.635
2021-07-01,36.715
2021-07-02,36.53
2021-07-05,36.885
2021-07-06,36.79
2021-07-07,36.6
2021-07-08,35.765
2021-07-09,35.56
2021-07-12,35.495
2021-07-13,35.42
2021-07-14,35.135
2021-07-15,34.2
2021-07-16,33.805
2021-07-19,32.8
2021-07-20,32.59
2021-07-21,32.735
2021-07-22,32.65
2021-07-23,32.615
2021-07-26,32.5
2021-07-27,32.54
2021-07-28,32.91
2021-07-29,33.49
2021-07-30,32.465
2021-08-02,32.61
2021-08-03,32.6
2021-08-04,33.67
2021-08-05,33.44
2021-08-06,33.4
2021-08-09,33.605
2021-08-10,33.46
2021-08-11,33.76
2021-08-12,33.93
2021-08-13,33.56
2021-08-16,33.535
2021-08-17,33.925
2021-08-18,33.875
2021-08-19,33.7
2021-08-20,33.255
2021-08-23,33.79
2021-08-24,33.73
2021-08-25,33.625
2021-08-26,33.175
2021-08-27,33.43
2021-08-30,33.545
2021-08-31,33.68
2021-09-01,33.93
2021-09-02,33.905
2021-09-03,33.745
2021-09-06,33.635
2021-09-07,33.575
2021-09-08,33.62
2021-09-09,33.03
2021-09-10,33.075
2021-09-13,33.425
2021-09-14,33.03
2021-09-15,33.3
2021-09-16,33.225
2021-09-17,32.88
2021-09-20,32.35
2021-09-21,32.49
2021-09-22,32.835
2021-09-23,32.895
2021-09-24,32.995
2021-09-27,33.535
2021-09-28,34.25
2021-09-29,35.465
2021-09-30,36.74
2021-10-01,36.355
2021-10-04,36.375
2021-10-05,37.22
2021-10-06,36.84
2021-10-07,36.5
2021-10-08,36.43
2021-10-11,36.74
2021-10-12,36.72
2021-10-13,36.85
2021-10-14,37.04
2021-10-15,37.36
2021-10-18,36.915
2021-10-19,37.485
2021-10-20,37.48
2021-10-21,36.695
2021-10-22,36.18
2021-10-25,36.455
2021-10-26,36.165
2021-10-27,36.225
2021-10-28,34.725
2021-10-29,34.015
2021-11-01,34.31
2021-11-02,33.85
2021-11-03,33.62
2021-11-05,33.53
2021-11-08,34.38
2021-11-09,33.9
2021-11-10,33.78
2021-11-11,40.255
2021-11-12,46.87
2021-11-15,43.55
2021-11-16,45.22
2021-11-17,44.185
2021-11-18,41.305
2021-11-19,41.25
2021-11-22,39.745
2021-11-23,39.79
2021-11-24,41.065
2021-11-25,40.37
2021-11-26,38.235
2021-11-29,38.595
2021-11-30,36.42
2021-12-01,37.02
2021-12-02,39.11
2021-12-03,38.33
2021-12-06,38.81
2021-12-07,39.47
2021-12-08,38.625
2021-12-09,38.97
2021-12-10,38.34
2021-12-13,36.6
2021-12-14,36.77
2021-12-15,40.6
2021-12-16,39.7
2021-12-17,39.275
2021-12-20,38.66
2021-12-21,38.955
2021-12-22,38.94
2021-12-23,38.75
2021-12-24,38.41
2021-12-27,38.545
2021-12-28,39.265
2021-12-29,39.5
2021-12-30,39.91
2022-01-03,39.6
2022-01-04,40.175
2022-01-05,38.75
2022-01-06,39.125
2022-01-10,39.29
2022-01-11,40.315
2022-01-12,40.83
2022-01-13,38.435
2022-01-14,38.39
2022-01-17,38.01
2022-01-18,36.58
2022-01-19,36.39
2022-01-20,36.2
2022-01-21,35.595
2022-01-24,34.595
2022-01-25,35.0
2022-01-26,34.24
2022-01-27,35.375
2022-01-28,35.735
2022-01-31,36.53
2022-02-01,35.945
2022-02-02,35.81
2022-02-03,35.65
2022-02-04,36.1
2022-02-07,36.015
2022-02-08,36.68
2022-02-09,36.54
2022-02-10,36.42
2022-02-11,34.775
2022-02-14,34.9
2022-02-15,36.09
2022-02-16,35.695
2022-02-17,35.0
2022-02-18,33.835
2022-02-21,28.7
2022-02-22,29.85
2022-02-24,21.2
2022-02-25,22.42
2022-03-24,23.8
2022-03-25,23.3
2022-03-28,22.2
2022-03-29,21.4
2022-03-30,22.44
2022-03-31,24.7
2022-04-01,26.5
2022-04-04,28.0
2022-04-05,26.19
2022-04-06,26.1
2022-04-07,26.1
2022-04-08,25.76
2022-04-11,25.66
2022-04-12,25.56
2022-04-13,26.19
2022-04-14,24.825
2022-04-15,24.62
2022-04-18,23.91
2022-04-19,22.99
2022-04-20,23.2
2022-04-21,23.0
2022-04-22,22.69
2022-04-25,21.89
2022-04-26,23.225
2022-04-27,23.785
2022-04-28,23.355
2022-04-29,23.69
2022-05-04,23.055
2022-05-05,23.3
2022-05-06,23.92
2022-05-11,23.56
2022-05-12,22.55
2022-05-13,22.13
2022-05-16,22.5
2022-05-17,23.0
2022-05-18,23.4
2022-05-19,23.695
2022-05-20,23.0
2022-05-23,22.095
2022-05-24,22.3
2022-05-25,22.49
2022-05-26,23.22
2022-05-27,23.02
2022-05-30,23.005
2022-05-31,22.265
2022-06-01,22.2
2022-06-02,22.0
2022-06-03,21.605
2022-06-06,21.475
2022-06-07,21.735
2022-06-08,22.1
2022-06-09,21.93
2022-06-10,22.1
2022-06-14,21.795
2022-06-15,21.815
2022-06-16,23.025
2022-06-17,22.695
2022-06-20,23.045
2022-06-21,22.61
2022-06-22,22.51
2022-06-23,22.52
2022-06-24,22.495
2022-06-27,22.88
2022-06-28,26.85
2022-06-29,24.9
2022-06-30,24.03
2022-07-01,25.11
2022-07-04,25.485
2022-07-05,26.97
2022-07-06,26.37
2022-07-07,26.135
2022-07-08,25.995
2022-07-11,25.185
2022-07-12,24.78
2022-07-13,24.33
2022-07-14,23.95
2022-07-15,24.55
2022-07-18,24.45
2022-07-19,24.05
2022-07-20,24.9
2022-07-21,25.77
2022-07-22,26.365
2022-07-25,27.05
2022-07-26,26.785
2022-07-27,26.105
2022-07-28,25.88
2022-07-29,28.165
2022-08-01,27.425
2022-08-02,26.455
2022-08-03,26.005
2022-08-04,26.345
2022-08-05,25.39
2022-08-08,25.64
2022-08-09,26.255
2022-08-10,26.83
2022-08-11,26.75
2022-08-12,26.54
2022-08-15,26.49
2022-08-16,26.42
2022-08-17,26.0
2022-08-18,26.0
2022-08-19,25.745
2022-08-22,26.05
2022-08-23,25.97
2022-08-24,25.22
2022-08-25,24.65
2022-08-26,24.96
2022-08-29,25.07
2022-08-30,25.08
2022-08-31,25.5
2022-09-01,25.22
2022-09-02,27.37
2022-09-05,27.345
2022-09-06,26.235
2022-09-07,25.5
2022-09-08,25.71
2022-09-09,26.4
2022-09-12,26.5
2022-09-13,26.005
2022-09-14,26.015
2022-09-15,26.435
2022-09-16,26.035
2022-09-19,25.82
2022-09-20,23.265
2022-09-21,21.7
2022-09-22,22.0
2022-09-23,20.8
2022-09-26,17.35
2022-09-27,18.145
2022-09-28,18.25
2022-09-29,17.945
2022-09-30,18.005
2022-10-03,19.055
2022-10-04,18.86
2022-10-05,18.86
2022-10-06,18.57
2022-10-07,17.6
2022-10-10,18.41
2022-10-11,18.635
2022-10-12,18.555
2022-10-13,18.79
2022-10-14,18.73
2022-10-17,19.55
2022-10-18,19.015
2022-10-19,18.98
2022-10-20,19.17
2022-10-21,19.605
2022-10-24,19.645
2022-10-25,20.77
2022-10-26,20.99
2022-10-27,21.03
2022-10-28,21.535
2022-10-31,21.71
2022-11-01,22.275
2022-11-02,21.635
2022-11-03,21.57
2022-11-07,22.29
2022-11-08,22.025
2022-11-09,21.3
2022-11-10,21.725
2022-11-11,21.885
2022-11-14,22.075
2022-11-15,21.275
2022-11-16,21.7
2022-11-17,21.59
2022-11-18,21.79
2022-11-21,21.355
2022-11-22,21.4
2022-11-23,21.48
2022-11-24,22.06
2022-11-25,21.71
2022-11-28,21.7
2022-11-29,21.83
2022-11-30,21.745
2022-12-01,21.785
2022-12-02,23.08
2022-12-05,22.89
2022-12-06,22.61
2022-12-07,22.57
2022-12-08,22.8
2022-12-09,22.51
2022-12-12,22.465
2022-12-13,22.565
2022-12-14,22.365
2022-12-15,21.905
2022-12-16,21.84
2022-12-19,21.54
2022-12-20,22.38
2022-12-21,22.57
2022-12-22,22.41
2022-12-23,21.99
2022-12-26,22.075
2022-12-27,22.05
2022-12-28,21.55
2022-12-29,21.785
2022-12-30,21.645
2023-01-03,21.905
2023-01-04,21.8
2023-01-05,21.725
2023-01-06,21.685
2023-01-09,21.62
2023-01-10,21.47
2023-01-11,21.805
2023-01-12,21.675
2023-01-13,21.73
2023-01-16,22.355
2023-01-17,22.04
2023-01-18,22.065
2023-01-19,21.775
2023-01-20,21.73
2023-01-23,21.945
2023-01-24,21.695
2023-01-25,21.685
2023-01-26,21.71
2023-01-27,23.285
2023-01-30,23.16
2023-01-31,23.17
2023-02-01,22.91
2023-02-02,23.18
2023-02-03,23.125
2023-02-06,23.41
2023-02-07,23.615
2023-02-08,23.115
2023-02-09,23.095
2023-02-10,23.105
2023-02-13,23.135
2023-02-14,22.64
2023-02-15,21.665
2023-02-16,21.55
2023-02-17,21.6
2023-02-20,22.19
2023-02-21,22.38
2023-02-22,22.27
2023-02-24,22.095
2023-02-27,22.48
2023-02-28,22.73
2023-03-01,22.9
2023-03-02,22.33
2023-03-03,22.525
2023-03-06,22.73
2023-03-07,22.62
2023-03-09,22.5
2023-03-10,22.3
2023-03-13,22.22
2023-03-14,22.28
2023-03-15,22.075
2023-03-16,22.215
2023-03-17,22.5
2023-03-20,23.275
2023-03-21,23.005
2023-03-22,22.965
2023-03-23,23.08
2023-03-24,23.06
2023-03-27,23.76
2023-03-28,23.645
2023-03-29,23.775
2023-03-30,23.88
2023-03-31,23.52
2023-04-03,24.055
2023-04-04,24.84
2023-04-05,25.055
2023-04-06,24.99
2023-04-07,24.965
2023-04-10,25.185
2023-04-11,24.68
2023-04-12,24.8
2023-04-13,24.73
2023-04-14,24.635
2023-04-17,25.13
2023-04-18,25.125
2023-04-19,24.935
2023-04-20,25.27
2023-04-21,26.325
2023-04-24,26.015
2023-04-25,25.53
2023-04-26,25.165
2023-04-27,25.51
2023-04-28,25.085
2023-05-02,24.57
2023-05-03,23.51
2023-05-04,23.555
2023-05-05,23.3
2023-05-08,23.2
2023-05-10,23.8
2023-05-11,23.795
2023-05-12,23.935
2023-05-15,25.265
2023-05-16,25.095
2023-05-17,25.03
2023-05-18,24.305
2023-05-19,24.33
2023-05-22,24.05
2023-05-23,24.35
2023-05-24,24.24
2023-05-25,24.155
2023-05-26,24.34
2023-05-29,24.785
2023-05-30,24.195
2023-05-31,24.425
2023-06-01,24.7
2023-06-02,25.2
2023-06-05,24.915
2023-06-06,25.15
2023-06-07,25.14
2023-06-08,25.455
2023-06-09,25.495
2023-06-13,25.995
2023-06-14,25.905
2023-06-15,26.76
2023-06-16,26.655
2023-06-19,27.25
2023-06-20,27.39
2023-06-21,27.33
2023-06-22,27.0
2023-06-23,25.955
2023-06-26,26.52
2023-06-27,27.25
2023-06-28,27.96
2023-06-29,28.55
2023-06-30,28.44
2023-07-03,27.945
2023-07-04,27.88
2023-07-05,28.28
2023-07-06,28.1
2023-07-07,28.125
2023-07-10,28.25
2023-07-11,28.355
2023-07-12,28.935
2023-07-13,28.79
2023-07-14,29.095
2023-07-17,29.0
2023-07-18,29.855
2023-07-19,29.21
2023-07-20,28.355
2023-07-21,28.92
2023-07-24,28.825
2023-07-25,28.98
2023-07-26,29.17
2023-07-27,29.335
2023-07-28,29.255
2023-07-31,29.785
2023-08-01,31.375
2023-08-02,31.49
2023-08-03,31.785
2023-08-04,31.05
2023-08-07,30.65
2023-08-08,30.755
2023-08-09,30.79
2023-08-10,31.43
2023-08-11,32.26
2023-08-14,31.18
2023-08-15,31.015
2023-08-16,30.2
2023-08-17,30.38
2023-08-18,30.595
2023-08-21,30.435
2023-08-22,30.75
2023-08-23,30.2
2023-08-24,30.595
2023-08-25,30.51
2023-08-28,30.92
2023-08-29,31.335
2023-08-30,31.375
2023-08-31,31.34
2023-09-01,31.41
2023-09-04,32.14
2023-09-05,32.3
2023-09-06,32.215
2023-09-07,31.285
2023-09-08,30.685
2023-09-11,30.125
2023-09-12,30.9
2023-09-13,30.425
2023-09-14,30.27
2023-09-15,30.57
2023-09-18,30.355
2023-09-19,29.425
2023-09-20,29.2
2023-09-21,28.455
2023-09-22,28.66
2023-09-25,28.92
2023-09-26,28.735
2023-09-27,29.065
2023-09-28,30.025
2023-09-29,31.53
2023-10-02,32.59
2023-10-03,33.37
2023-10-04,32.785
2023-10-05,33.725
2023-10-06,33.835
2023-10-09,33.385
2023-10-10,33.29
2023-10-11,31.88
2023-10-12,32.235
2023-10-13,32.48
2023-10-16,32.785
2023-10-17,32.95
2023-10-18,32.96
2023-10-19,32.895
2023-10-20,32.615
2023-10-23,32.275
2023-10-24,32.82
2023-10-25,33.24
2023-10-26,32.575
2023-10-27,32.785
2023-10-30,32.98
2023-10-31,32.675
2023-11-01,32.345
2023-11-02,31.87
2023-11-03,31.775
2023-11-06,32.43
2023-11-07,32.06
2023-11-08,32.57
2023-11-09,32.78
2023-11-10,32.61
2023-11-13,32.305
2023-11-14,31.58
2023-11-15,32.06
2023-11-16,31.175
2023-11-17,32.305
2023-11-20,32.04
2023-11-21,32.345
2023-11-22,32.2
2023-11-23,31.95
2023-11-24,32.06
2023-11-27,31.62
2023-11-28,32.0
2023-11-29,31.81
2023-11-30,31.57
2023-12-01,30.855
2023-12-04,29.91
2023-12-05,29.74
2023-12-06,28.055
2023-12-07,28.02
2023-12-08,27.9
2023-12-11,26.92
2023-12-12,26.925
2023-12-13,27.31
2023-12-14,26.86
2023-12-15,27.715
2023-12-18,28.28
2023-12-19,28.06
2023-12-20,28.225
2023-12-21,27.56
2023-12-22,27.54
2023-12-25,27.5
2023-12-26,27.35
2023-12-27,26.995
2023-12-28,26.755
2023-12-29,26.885
2024-01-03,27.435
2024-01-04,27.595
2024-01-05,27.67
2024-01-08,28.46
2024-01-09,28.36
2024-01-10,28.695
2024-01-11,29.555
2024-01-12,30.125
2024-01-15,29.845
2024-01-16,29.65
2024-01-17,29.695
2024-01-18,28.99
2024-01-19,28.715
2024-01-22,29.035
2024-01-23,29.19
2024-01-24,28.895
2024-01-25,29.185
2024-01-26,29.035
2024-01-29,28.93
2024-01-30,29.025
2024-01-31,29.145
2024-02-01,30.895
2024-02-02,30.45
2024-02-05,30.2
2024-02-06,30.33
2024-02-07,30.21
2024-02-08,29.75
2024-02-09,30.15
2024-02-12,30.28
2024-02-13,30.5
2024-02-14,30.4
2024-02-15,30.78
2024-02-16,30.255
2024-02-19,30.22
2024-02-20,28.995
2024-02-21,28.645
2024-02-22,28.52
2024-02-26,29.285
2024-02-27,29.485
2024-02-28,29.175
2024-02-29,29.405
2024-03-01,29.31
2024-03-04,29.7
2024-03-05,29.74
2024-03-06,29.785
2024-03-07,29.825
2024-03-11,29.615
2024-03-12,29.7
2024-03-13,29.38
2024-03-14,29.24
2024-03-15,29.26
2024-03-18,29.48
2024-03-19,28.85
2024-03-20,28.595
2024-03-21,28.25
2024-03-22,28.39
2024-03-25,29.3
2024-03-26,29.07
2024-03-27,29.32
2024-03-28,29.17
2024-03-29,29.88
2024-04-01,31.225
2024-04-02,30.89
2024-04-03,31.05
2024-04-04,30.71
2024-04-05,30.865
2024-04-08,31.705
2024-04-09,30.9
2024-04-10,31.535
2024-04-11,31.14
2024-04-12,31.42
2024-04-15,32.74
2024-04-16,32.94
2024-04-17,32.26
2024-04-18,32.9
2024-04-19,34.24
2024-04-22,34.96
2024-04-23,33.435
2024-04-24,33.02
2024-04-25,33.355
2024-04-26,33.405
2024-04-27,34.47
2024-04-29,35.485
2024-04-30,35.005
2024-05-02,34.91
2024-05-03,35.2
2024-05-06,35.845
2024-05-07,36.49
2024-05-08,36.36
2024-05-10,36.96
2024-05-13,35.99
2024-05-14,35.435
2024-05-15,33.82
2024-05-16,34.06
2024-05-17,33.275
2024-05-20,33.15
2024-05-21,32.97
2024-05-22,32.88
2024-05-23,32.79
2024-05-24,31.74
2024-05-27,30.17
2024-05-28,30.16
2024-05-29,30.64
2024-05-30,29.49
2024-05-31,28.58
2024-06-03,28.43
2024-06-04,28.865
2024-06-05,28.64
2024-06-06,28.79
2024-06-07,29.83
2024-06-10,29.12
2024-06-11,29.07
2024-06-13,29.06
2024-06-14,29.125
2024-06-17,28.945
2024-06-18,27.85
2024-06-19,27.04
2024-06-20,28.33
2024-06-21,27.82
2024-06-24,27.765
2024-06-25,28.17
2024-06-26,27.97
2024-06-27,27.93
2024-06-28,29.48
2024-07-01,30.22
2024-07-02,30.05
2024-07-03,29.835
2024-07-04,28.94
2024-07-05,28.945
2024-07-08,28.31
2024-07-09,28.085
2024-07-10,27.35
2024-07-11,28.485
2024-07-12,28.17
2024-07-15,27.315
2024-07-16,27.375
2024-07-17,27.835
2024-07-18,27.855
2024-07-19,28.2
2024-07-22,28.99
2024-07-23,28.825
2024-07-24,29.43
2024-07-25,28.79
2024-07-26,28.085
2024-07-29,27.13
2024-07-30,27.73
2024-07-31,27.89
2024-08-01,27.55
2024-08-02,26.955
2024-08-05,26.225
2024-08-06,26.225
2024-08-07,26.325
2024-08-08,26.165
2024-08-09,26.04
2024-08-12,26.09
2024-08-13,26.95
2024-08-14,26.38
2024-08-15,26.22
2024-08-16,26.01
2024-08-19,25.64
2024-08-20,25.525
2024-08-21,25.745
2024-08-22,24.715
2024-08-23,24.275
2024-08-26,24.9
2024-08-27,24.25
2024-08-28,24.185
2024-08-29,24.275
2024-08-30,23.095
2024-09-02,22.115
2024-09-03,22.19
2024-09-04,23.41
2024-09-05,22.87
2024-09-06,23.375
2024-09-09,24.13
2024-09-10,23.44
2024-09-11,23.19
2024-09-12,23.18
2024-09-13,24.345
2024-09-16,25.05
2024-09-17,24.995
2024-09-18,24.42
2024-09-19,24.565
2024-09-20,24.69
2024-09-23,25.21
2024-09-24,25.1
2024-09-25,24.585
2024-09-26,24.9
2024-09-27,25.01
2024-09-30,24.835
2024-10-01,24.895
2024-10-02,25.115
2024-10-03,25.735
2024-10-04,25.665
2024-10-07,26.25
2024-10-08,26.07
2024-10-09,25.95
2024-10-10,26.0
2024-10-11,25.8
2024-10-14,25.82
2024-10-15,26.255
2024-10-16,25.985
2024-10-17,25.5
2024-10-18,25.1
2024-10-21,24.995
2024-10-22,24.74
2024-10-23,24.35
2024-10-24,24.055
2024-10-25,23.47
2024-10-28,22.805
2024-10-29,22.935
2024-10-30,22.735
2024-10-31,22.575
2024-11-01,23.14
2024-11-02,23.715
2024-11-05,23.96
2024-11-06,24.53
2024-11-07,24.885
2024-11-08,25.335
2024-11-11,25.27
2024-11-12,25.095
2024-11-13,25.415
2024-11-14,25.705
2024-11-15,25.84
2024-11-18,25.405
2024-11-19,24.415
2024-11-20,23.72
2024-11-21,24.42
2024-11-22,23.78
2024-11-25,23.095
2024-11-26,22.69
2024-11-27,23.86
2024-11-28,23.81
2024-11-29,23.965
2024-12-02,24.445
2024-12-03,23.615
2024-12-04,22.81
2024-12-05,23.275
2024-12-06,23.27
